-- phpMyAdmin SQL Dump
-- version 4.0.10.10
-- http://www.phpmyadmin.net
--
-- Хост: 127.0.0.1:3306
-- Время создания: Окт 25 2015 г., 19:55
-- Версия сервера: 5.5.45
-- Версия PHP: 5.6.12

SET SQL_MODE = "NO_AUTO_VALUE_ON_ZERO";
SET time_zone = "+00:00";


/*!40101 SET @OLD_CHARACTER_SET_CLIENT=@@CHARACTER_SET_CLIENT */;
/*!40101 SET @OLD_CHARACTER_SET_RESULTS=@@CHARACTER_SET_RESULTS */;
/*!40101 SET @OLD_COLLATION_CONNECTION=@@COLLATION_CONNECTION */;
/*!40101 SET NAMES utf8 */;

--
-- База данных: `dashboard`
--

-- --------------------------------------------------------

--
-- Структура таблицы `actions`
--

CREATE TABLE IF NOT EXISTS `actions` (
  `id` int(11) NOT NULL,
  `action` varchar(20) NOT NULL,
  PRIMARY KEY (`id`),
  UNIQUE KEY `action` (`action`)
) ENGINE=InnoDB DEFAULT CHARSET=utf8;

--
-- Дамп данных таблицы `actions`
--

INSERT INTO `actions` (`id`, `action`) VALUES
(0, 'development'),
(1, 'documents'),
(2, 'marketing'),
(3, 'negotiations'),
(4, 'support');

-- --------------------------------------------------------

--
-- Структура таблицы `activities`
--

CREATE TABLE IF NOT EXISTS `activities` (
  `id` bigint(20) unsigned NOT NULL AUTO_INCREMENT,
  `action` varchar(20) NOT NULL,
  `created_at` int(11) unsigned NOT NULL,
  `duration` int(11) NOT NULL,
  `contact_id` int(11) NOT NULL,
  `employee_id` int(11) NOT NULL,
  PRIMARY KEY (`id`),
  UNIQUE KEY `id` (`id`),
  KEY `contacts_id_fk` (`contact_id`),
  KEY `action_id` (`action`),
  KEY `employee_id` (`employee_id`)
) ENGINE=InnoDB  DEFAULT CHARSET=utf8 AUTO_INCREMENT=2835 ;

--
-- Дамп данных таблицы `activities`
--

INSERT INTO `activities` (`id`, `action`, `created_at`, `duration`, `contact_id`, `employee_id`) VALUES
(1, 'marketing', 1418025812, 4511, 1, 8),
(2, 'support', 1408443040, 4195, 1, 3),
(3, 'negotiations', 1396334636, 5428, 1, 5),
(4, 'documents', 1396964119, 3756, 1, 0),
(5, 'documents', 1397455001, 778, 1, 16),
(6, 'documents', 1418381942, 2798, 1, 16),
(7, 'support', 1408369889, 972, 1, 7),
(8, 'documents', 1414423129, 2564, 1, 0),
(9, 'marketing', 1410773282, 490, 1, 7),
(10, 'development', 1405950134, 4784, 1, 1),
(11, 'marketing', 1392886918, 1457, 1, 16),
(12, 'documents', 1401972071, 3103, 1, 7),
(13, 'negotiations', 1397455963, 4271, 1, 13),
(14, 'documents', 1404459202, 4360, 1, 8),
(15, 'negotiations', 1401708342, 3786, 1, 9),
(16, 'development', 1412321965, 5260, 1, 7),
(17, 'negotiations', 1418208689, 1166, 1, 15),
(18, 'marketing', 1396274961, 5499, 1, 5),
(19, 'development', 1410427741, 719, 1, 4),
(20, 'documents', 1407825107, 2175, 1, 9),
(21, 'negotiations', 1420006662, 4166, 1, 2),
(22, 'negotiations', 1408113861, 1095, 1, 4),
(23, 'negotiations', 1392358498, 5031, 1, 5),
(24, 'development', 1392708853, 5164, 1, 12),
(25, 'development', 1403592941, 1901, 1, 6),
(26, 'support', 1394103533, 4049, 1, 8),
(27, 'negotiations', 1397828455, 4929, 1, 8),
(28, 'support', 1414754233, 1249, 1, 11),
(29, 'negotiations', 1401860419, 2685, 1, 2),
(30, 'support', 1395834130, 1980, 1, 0),
(31, 'documents', 1401431139, 1175, 1, 16),
(32, 'negotiations', 1400580278, 3295, 1, 3),
(33, 'development', 1397801505, 4042, 1, 17),
(34, 'negotiations', 1416493493, 2112, 1, 13),
(35, 'support', 1412080374, 767, 1, 14),
(36, 'development', 1389264021, 5972, 1, 15),
(37, 'documents', 1406877995, 2756, 1, 16),
(38, 'marketing', 1413964973, 4583, 1, 11),
(39, 'documents', 1401255961, 3959, 1, 3),
(40, 'development', 1396606065, 4184, 1, 16),
(41, 'development', 1412237264, 5729, 1, 10),
(42, 'documents', 1411113049, 2107, 1, 11),
(43, 'support', 1388994518, 2800, 1, 16),
(44, 'development', 1389793403, 5891, 1, 5),
(45, 'documents', 1398859306, 387, 1, 0),
(46, 'marketing', 1417789034, 380, 1, 0),
(47, 'marketing', 1401953783, 5148, 1, 8),
(48, 'marketing', 1393224759, 1789, 1, 7),
(49, 'support', 1419857473, 4344, 1, 1),
(50, 'negotiations', 1412230526, 4082, 1, 12),
(51, 'documents', 1392983169, 2997, 1, 15),
(52, 'negotiations', 1401110622, 1006, 1, 9),
(53, 'marketing', 1419435893, 2273, 1, 11),
(54, 'marketing', 1418369429, 2996, 1, 17),
(55, 'marketing', 1408016647, 1763, 1, 8),
(56, 'marketing', 1403871107, 2304, 1, 14),
(57, 'negotiations', 1393581851, 3569, 1, 12),
(58, 'development', 1410867609, 745, 1, 11),
(59, 'negotiations', 1404127135, 2182, 1, 0),
(60, 'development', 1396949682, 2670, 1, 7),
(61, 'support', 1405347601, 1643, 1, 15),
(62, 'marketing', 1391087982, 665, 1, 14),
(63, 'documents', 1413803271, 4960, 1, 12),
(64, 'development', 1408363152, 5026, 1, 9),
(65, 'development', 1414763858, 1973, 1, 0),
(66, 'negotiations', 1399560015, 653, 1, 15),
(67, 'development', 1393836917, 5655, 1, 0),
(68, 'support', 1391419086, 5051, 1, 7),
(69, 'documents', 1415612794, 4269, 1, 0),
(70, 'negotiations', 1417441567, 5025, 1, 3),
(71, 'negotiations', 1390379573, 960, 1, 5),
(72, 'negotiations', 1398866044, 2034, 1, 16),
(73, 'support', 1409644256, 2208, 1, 4),
(74, 'support', 1400503277, 3203, 1, 1),
(75, 'documents', 1410165937, 2688, 1, 0),
(76, 'marketing', 1401452314, 3908, 1, 6),
(77, 'development', 1401697755, 5270, 1, 5),
(78, 'negotiations', 1408080173, 4261, 1, 15),
(79, 'development', 1401799781, 4964, 1, 4),
(80, 'marketing', 1413378803, 3813, 1, 11),
(81, 'development', 1415192176, 5691, 1, 6),
(82, 'development', 1392032207, 1008, 1, 15),
(83, 'marketing', 1403612191, 3349, 1, 2),
(84, 'support', 1417703371, 3057, 1, 6),
(85, 'development', 1390887780, 3847, 1, 5),
(86, 'negotiations', 1392905205, 5113, 1, 15),
(87, 'marketing', 1412166038, 3791, 1, 8),
(88, 'negotiations', 1410155350, 4171, 1, 14),
(89, 'development', 1397107534, 5423, 1, 0),
(90, 'support', 1398868931, 1111, 1, 7),
(91, 'documents', 1393247860, 5807, 1, 10),
(92, 'support', 1408951247, 1381, 1, 3),
(93, 'documents', 1406889546, 4765, 1, 17),
(94, 'documents', 1409562442, 1754, 1, 17),
(95, 'marketing', 1413181488, 370, 1, 11),
(96, 'documents', 1399271261, 1734, 1, 2),
(97, 'negotiations', 1412157375, 859, 1, 17),
(98, 'documents', 1415286502, 5946, 1, 10),
(99, 'marketing', 1404306163, 1968, 1, 1),
(100, 'development', 1407320751, 1859, 1, 15),
(101, 'marketing', 1412244964, 5168, 1, 5),
(102, 'negotiations', 1402323387, 1028, 1, 12),
(103, 'marketing', 1412849421, 3894, 1, 3),
(104, 'support', 1401451351, 415, 1, 9),
(105, 'support', 1395749429, 2449, 1, 3),
(106, 'negotiations', 1402306062, 865, 1, 10),
(107, 'marketing', 1412250739, 3322, 1, 6),
(108, 'marketing', 1418888223, 4399, 1, 3),
(109, 'documents', 1398154747, 3252, 1, 15),
(110, 'marketing', 1395147859, 2800, 1, 14),
(111, 'negotiations', 1419922924, 2427, 1, 2),
(112, 'negotiations', 1396587777, 528, 1, 17),
(113, 'documents', 1391178458, 4051, 1, 12),
(114, 'negotiations', 1394168984, 2132, 1, 9),
(115, 'marketing', 1404823994, 5579, 1, 8),
(116, 'marketing', 1398954595, 4135, 1, 2),
(117, 'negotiations', 1393221872, 2712, 1, 16),
(118, 'development', 1407139799, 788, 1, 2),
(119, 'support', 1395315336, 577, 1, 14),
(120, 'marketing', 1392897505, 5674, 1, 2),
(121, 'negotiations', 1406213862, 4101, 1, 0),
(122, 'negotiations', 1411035086, 4223, 1, 11),
(123, 'marketing', 1395840868, 3627, 1, 15),
(124, 'marketing', 1411991823, 4367, 1, 11),
(125, 'negotiations', 1395652215, 3117, 1, 7),
(126, 'development', 1394000544, 862, 1, 12),
(127, 'development', 1410274701, 4029, 1, 14),
(128, 'marketing', 1414140150, 1799, 1, 5),
(129, 'support', 1418301091, 5837, 1, 7),
(130, 'negotiations', 1407149424, 1512, 1, 9),
(131, 'support', 1395914019, 1149, 1, 11),
(132, 'negotiations', 1404882708, 2014, 1, 11),
(133, 'support', 1413902410, 5577, 1, 1),
(134, 'support', 1416208589, 5763, 1, 6),
(135, 'negotiations', 1401691017, 3623, 1, 8),
(136, 'negotiations', 1402921108, 3807, 1, 12),
(137, 'support', 1391413311, 1196, 1, 7),
(138, 'documents', 1397567615, 4690, 1, 1),
(139, 'documents', 1409314114, 1315, 1, 8),
(140, 'marketing', 1410413303, 5334, 1, 11),
(141, 'support', 1419429155, 626, 1, 13),
(142, 'negotiations', 1408458441, 3073, 1, 10),
(143, 'marketing', 1400482102, 470, 1, 11),
(144, 'marketing', 1406622930, 670, 1, 10),
(145, 'negotiations', 1389786666, 4243, 1, 8),
(146, 'support', 1392636664, 5434, 1, 14),
(147, 'negotiations', 1413533768, 1788, 1, 13),
(148, 'support', 1416299065, 3448, 1, 4),
(149, 'development', 1411120749, 1546, 1, 5),
(150, 'marketing', 1418911323, 2716, 1, 6),
(151, 'marketing', 1399016195, 5349, 1, 14),
(152, 'marketing', 1408963759, 1182, 1, 1),
(153, 'support', 1414595419, 703, 1, 3),
(154, 'support', 1411460516, 3163, 1, 8),
(155, 'negotiations', 1400568728, 1286, 1, 2),
(156, 'negotiations', 1414508792, 5588, 1, 12),
(157, 'documents', 1397121971, 809, 1, 11),
(158, 'marketing', 1401339700, 5698, 1, 3),
(159, 'support', 1390894517, 5494, 1, 2),
(160, 'development', 1395664728, 2918, 1, 6),
(161, 'support', 1414393291, 2600, 1, 17),
(162, 'marketing', 1393506775, 4762, 1, 4),
(163, 'development', 1400835344, 5381, 1, 10),
(164, 'development', 1416816897, 1358, 1, 11),
(165, 'negotiations', 1409754944, 4834, 1, 13),
(166, 'negotiations', 1392804141, 3211, 1, 14),
(167, 'documents', 1401261737, 2113, 1, 4),
(168, 'marketing', 1409133162, 5945, 1, 13),
(169, 'negotiations', 1389093657, 3417, 1, 6),
(170, 'marketing', 1399021971, 3503, 1, 15),
(171, 'development', 1395906318, 1710, 1, 16),
(172, 'marketing', 1396349074, 813, 1, 15),
(173, 'marketing', 1397639803, 4419, 1, 0),
(174, 'support', 1412160263, 5637, 1, 8),
(175, 'development', 1403169436, 4246, 1, 3),
(176, 'marketing', 1395142084, 4646, 1, 13),
(177, 'documents', 1389763565, 5926, 1, 5),
(178, 'negotiations', 1394693553, 1688, 1, 13),
(179, 'negotiations', 1391664527, 711, 1, 6),
(180, 'negotiations', 1411137112, 3917, 1, 10),
(181, 'support', 1404890408, 1454, 1, 6),
(182, 'marketing', 1393844617, 5094, 1, 13),
(183, 'support', 1412920647, 5831, 1, 5),
(184, 'development', 1395410625, 4325, 1, 15),
(185, 'support', 1388661489, 2830, 1, 11),
(186, 'negotiations', 1404290763, 3090, 1, 11),
(187, 'support', 1417595569, 5209, 1, 7),
(188, 'marketing', 1400588940, 526, 1, 13),
(189, 'negotiations', 1415603169, 3544, 1, 11),
(190, 'development', 1413788833, 3874, 1, 1),
(191, 'support', 1398693754, 3895, 1, 13),
(192, 'documents', 1418122063, 350, 1, 6),
(193, 'marketing', 1409222675, 5838, 1, 13),
(194, 'negotiations', 1410533617, 2984, 1, 9),
(195, 'marketing', 1414157475, 1962, 1, 7),
(196, 'marketing', 1415189289, 913, 1, 15),
(197, 'development', 1414994861, 2249, 1, 6),
(198, 'negotiations', 1409056161, 5853, 1, 11),
(199, 'marketing', 1407496891, 2568, 1, 7),
(200, 'development', 1401687167, 1053, 1, 1),
(201, 'documents', 1402468727, 3980, 1, 6),
(202, 'support', 1404913508, 5472, 1, 8),
(203, 'support', 1419863248, 2498, 1, 2),
(204, 'development', 1410850283, 582, 1, 10),
(205, 'documents', 1402062547, 788, 1, 5),
(206, 'support', 1396956419, 4317, 1, 5),
(207, 'development', 1398839093, 1147, 1, 7),
(208, 'support', 1410963860, 2285, 1, 10),
(209, 'development', 1396860168, 2777, 1, 7),
(210, 'support', 1404897145, 3101, 1, 4),
(211, 'negotiations', 1400219336, 4646, 1, 10),
(212, 'development', 1416821709, 1720, 1, 15),
(213, 'documents', 1417417504, 3215, 1, 3),
(214, 'marketing', 1407328451, 1298, 1, 10),
(215, 'support', 1390201508, 4667, 1, 1),
(216, 'documents', 1403595829, 978, 1, 15),
(217, 'documents', 1408700031, 1865, 1, 3),
(218, 'documents', 1388664376, 1907, 1, 2),
(219, 'negotiations', 1390469087, 853, 1, 5),
(220, 'development', 1393825367, 3646, 1, 17),
(221, 'negotiations', 1413810009, 906, 1, 9),
(222, 'documents', 1403591016, 616, 1, 12),
(223, 'negotiations', 1389003181, 5732, 1, 8),
(224, 'marketing', 1400048009, 4299, 1, 4),
(225, 'support', 1401169335, 3143, 1, 12),
(226, 'documents', 1400072071, 409, 1, 3),
(227, 'development', 1393588589, 5216, 1, 10),
(228, 'development', 1396363512, 1899, 1, 8),
(229, 'documents', 1407408340, 467, 1, 4),
(230, 'support', 1410760770, 689, 1, 9),
(231, 'negotiations', 1411999523, 3806, 1, 6),
(232, 'documents', 1395318223, 5355, 2, 5),
(233, 'negotiations', 1399643753, 2392, 2, 15),
(234, 'negotiations', 1388985855, 5569, 2, 6),
(235, 'support', 1399380988, 867, 2, 14),
(236, 'marketing', 1399529214, 2897, 2, 0),
(237, 'support', 1399455101, 1882, 2, 7),
(238, 'development', 1411132299, 3555, 2, 7),
(239, 'documents', 1391680890, 3083, 2, 11),
(240, 'documents', 1396959307, 3394, 2, 14),
(241, 'negotiations', 1407144611, 1150, 2, 6),
(242, 'negotiations', 1404132911, 336, 2, 0),
(243, 'development', 1417188426, 4224, 2, 9),
(244, 'documents', 1419340604, 4226, 2, 9),
(245, 'development', 1389703890, 5998, 2, 5),
(246, 'support', 1405522778, 4560, 2, 10),
(247, 'documents', 1392216046, 1156, 2, 2),
(248, 'marketing', 1395215235, 2168, 2, 9),
(249, 'negotiations', 1400061484, 1892, 2, 17),
(250, 'marketing', 1392108245, 3307, 2, 2),
(251, 'development', 1411138075, 1709, 2, 7),
(252, 'marketing', 1416384729, 771, 2, 16),
(253, 'marketing', 1402912445, 875, 2, 2),
(254, 'marketing', 1393483675, 744, 2, 2),
(255, 'marketing', 1405941471, 1852, 2, 10),
(256, 'development', 1396527139, 2807, 2, 1),
(257, 'documents', 1405671005, 888, 2, 14),
(258, 'documents', 1396519439, 3368, 2, 7),
(259, 'development', 1401433064, 2460, 2, 10),
(260, 'support', 1401084634, 3612, 2, 15),
(261, 'development', 1409039798, 3482, 2, 6),
(262, 'marketing', 1400832456, 603, 2, 0),
(263, 'marketing', 1417507018, 3108, 2, 3),
(264, 'negotiations', 1406276425, 3107, 2, 9),
(265, 'marketing', 1418899773, 707, 2, 5),
(266, 'development', 1389855966, 4896, 2, 15),
(267, 'marketing', 1408546029, 1681, 2, 17),
(268, 'development', 1403259912, 1931, 2, 0),
(269, 'negotiations', 1405057885, 4931, 2, 6),
(270, 'support', 1416896785, 527, 2, 5),
(271, 'support', 1395908243, 2995, 2, 11),
(272, 'support', 1406808695, 2103, 2, 9),
(273, 'development', 1404382201, 4268, 2, 6),
(274, 'marketing', 1389181245, 2025, 2, 12),
(275, 'negotiations', 1395121871, 5406, 2, 2),
(276, 'development', 1402052922, 5765, 2, 16),
(277, 'marketing', 1401113510, 5784, 2, 0),
(278, 'negotiations', 1405424602, 1734, 2, 0),
(279, 'development', 1418829510, 2263, 2, 0),
(280, 'marketing', 1405596892, 5574, 2, 3),
(281, 'development', 1390368986, 2444, 2, 1),
(282, 'support', 1408957022, 5236, 2, 3),
(283, 'support', 1397559914, 5250, 2, 6),
(284, 'negotiations', 1416916998, 5468, 2, 16),
(285, 'marketing', 1389593201, 3371, 2, 14),
(286, 'documents', 1416831334, 2444, 2, 4),
(287, 'development', 1407303426, 1696, 2, 13),
(288, 'documents', 1416385691, 4264, 2, 13),
(289, 'negotiations', 1415783159, 1122, 2, 9),
(290, 'support', 1399883419, 5599, 2, 13),
(291, 'development', 1392010069, 482, 2, 10),
(292, 'marketing', 1406211937, 2816, 2, 5),
(293, 'documents', 1393395124, 4344, 2, 16),
(294, 'negotiations', 1399356925, 4758, 2, 14),
(295, 'support', 1396269186, 1644, 2, 4),
(296, 'development', 1389968580, 3107, 2, 0),
(297, 'development', 1402995221, 4822, 2, 5),
(298, 'documents', 1417524343, 3271, 2, 5),
(299, 'marketing', 1409296789, 1152, 2, 6),
(300, 'documents', 1411367152, 700, 2, 2),
(301, 'negotiations', 1389589351, 801, 2, 8),
(302, 'marketing', 1392203534, 1355, 2, 4),
(303, 'negotiations', 1417774596, 4995, 2, 8),
(304, 'support', 1405404389, 2494, 2, 6),
(305, 'negotiations', 1389346798, 4218, 2, 0),
(306, 'marketing', 1418634120, 5806, 2, 12),
(307, 'documents', 1400139447, 5477, 2, 17),
(308, 'marketing', 1414049674, 4114, 2, 8),
(309, 'support', 1419327129, 932, 2, 14),
(310, 'documents', 1394708953, 567, 2, 3),
(311, 'negotiations', 1398662953, 438, 2, 16),
(312, 'marketing', 1407936759, 2594, 2, 15),
(313, 'marketing', 1391177496, 558, 2, 15),
(314, 'negotiations', 1405317763, 1678, 2, 15),
(315, 'negotiations', 1395144009, 5931, 2, 7),
(316, 'support', 1393415337, 3584, 2, 9),
(317, 'marketing', 1404367763, 3182, 2, 13),
(318, 'documents', 1410509554, 1173, 2, 9),
(319, 'support', 1406543041, 1501, 2, 17),
(320, 'documents', 1405665230, 2734, 2, 13),
(321, 'development', 1414657019, 1917, 2, 15),
(322, 'marketing', 1395998720, 680, 2, 8),
(323, 'support', 1388751965, 515, 2, 9),
(324, 'negotiations', 1403101097, 1385, 2, 11),
(325, 'negotiations', 1411474954, 4249, 2, 1),
(326, 'negotiations', 1397118121, 3940, 2, 4),
(327, 'documents', 1408343902, 3578, 2, 13),
(328, 'documents', 1420028800, 4691, 2, 8),
(329, 'development', 1389100394, 5064, 2, 4),
(330, 'marketing', 1403854744, 5634, 2, 10),
(331, 'documents', 1399958495, 4406, 2, 3),
(332, 'development', 1405606517, 598, 2, 10),
(333, 'documents', 1405694105, 4907, 2, 16),
(334, 'documents', 1390998469, 772, 2, 13),
(335, 'support', 1411032198, 5146, 2, 2),
(336, 'support', 1409661581, 2371, 2, 6),
(337, 'marketing', 1407305351, 2981, 2, 8),
(338, 'negotiations', 1398172072, 3415, 2, 17),
(339, 'support', 1391007131, 3704, 2, 5),
(340, 'marketing', 1411546180, 486, 2, 3),
(341, 'development', 1411634731, 2587, 2, 6),
(342, 'development', 1390471012, 2138, 2, 17),
(343, 'development', 1419590857, 5950, 2, 12),
(344, 'support', 1410152462, 5094, 2, 4),
(345, 'marketing', 1397797655, 1472, 2, 11),
(346, 'negotiations', 1417413654, 645, 2, 15),
(347, 'negotiations', 1397050745, 4572, 2, 9),
(348, 'support', 1417589794, 1354, 2, 6),
(349, 'documents', 1418032550, 457, 2, 5),
(350, 'documents', 1415094000, 2866, 2, 14),
(351, 'documents', 1415274952, 3937, 2, 9),
(352, 'documents', 1408451703, 1426, 2, 13),
(353, 'marketing', 1391601001, 3914, 2, 0),
(354, 'marketing', 1407480528, 5898, 2, 2),
(355, 'development', 1392613564, 1416, 2, 11),
(356, 'documents', 1410955197, 5054, 2, 0),
(357, 'documents', 1393423037, 3023, 2, 4),
(358, 'marketing', 1392812804, 442, 2, 5),
(359, 'support', 1408702919, 942, 2, 12),
(360, 'support', 1390375723, 4091, 2, 16),
(361, 'negotiations', 1393498113, 1830, 2, 12),
(362, 'support', 1404197399, 627, 2, 4),
(363, 'negotiations', 1401775718, 3154, 2, 5),
(364, 'documents', 1412844609, 3532, 2, 0),
(365, 'development', 1410331489, 4880, 2, 5),
(366, 'development', 1415367353, 2907, 2, 1),
(367, 'support', 1419417605, 4318, 2, 12),
(368, 'documents', 1405518928, 1990, 2, 4),
(369, 'negotiations', 1409202462, 897, 2, 2),
(370, 'support', 1389964730, 536, 2, 12),
(371, 'negotiations', 1397106571, 1930, 2, 3),
(372, 'negotiations', 1415185439, 4044, 2, 9),
(373, 'support', 1393421112, 1738, 2, 10),
(374, 'negotiations', 1391061032, 5479, 2, 5),
(375, 'development', 1398252923, 376, 2, 8),
(376, 'negotiations', 1395132459, 3922, 2, 6),
(377, 'support', 1413535693, 3073, 2, 7),
(378, 'documents', 1409235188, 5639, 2, 12),
(379, 'documents', 1396248973, 2404, 2, 11),
(380, 'marketing', 1405433265, 4667, 2, 10),
(381, 'marketing', 1418397342, 1676, 2, 5),
(382, 'negotiations', 1404200286, 5405, 2, 13),
(383, 'negotiations', 1392206421, 432, 2, 13),
(384, 'development', 1407489191, 3129, 2, 12),
(385, 'marketing', 1403527490, 3818, 2, 5),
(386, 'development', 1403085697, 2507, 2, 3),
(387, 'documents', 1416498305, 2474, 2, 16),
(388, 'documents', 1395041982, 536, 2, 8),
(389, 'marketing', 1406194612, 2653, 2, 3),
(390, 'negotiations', 1389606676, 964, 2, 9),
(391, 'development', 1419602407, 2258, 2, 13),
(392, 'marketing', 1392368123, 5755, 2, 12),
(393, 'documents', 1402496640, 2660, 2, 12),
(394, 'support', 1398242336, 1860, 2, 4),
(395, 'documents', 1410177487, 4697, 2, 1),
(396, 'development', 1391074507, 3072, 2, 1),
(397, 'development', 1390402673, 4978, 2, 7),
(398, 'support', 1396855355, 2415, 2, 3),
(399, 'negotiations', 1390306422, 3438, 2, 9),
(400, 'negotiations', 1410347852, 1551, 2, 10),
(401, 'documents', 1417006512, 5361, 2, 16),
(402, 'development', 1402571716, 1467, 2, 2),
(403, 'negotiations', 1417102763, 1200, 2, 14),
(404, 'marketing', 1409137974, 606, 2, 16),
(405, 'marketing', 1405501603, 1826, 2, 2),
(406, 'development', 1410162087, 5819, 2, 11),
(407, 'documents', 1412241114, 2598, 2, 16),
(408, 'development', 1403243549, 5261, 2, 14),
(409, 'support', 1408968572, 1544, 2, 4),
(410, 'documents', 1405948209, 3499, 2, 7),
(411, 'marketing', 1389778966, 4804, 2, 13),
(412, 'documents', 1418906511, 2354, 2, 2),
(413, 'negotiations', 1418733259, 722, 2, 2),
(414, 'marketing', 1391155358, 5734, 2, 9),
(415, 'marketing', 1407852058, 3063, 2, 0),
(416, 'support', 1410761732, 4182, 2, 6),
(417, 'documents', 1401797856, 3679, 2, 10),
(418, 'negotiations', 1398330887, 3961, 2, 7),
(419, 'documents', 1418139389, 513, 2, 8),
(420, 'marketing', 1412837871, 1884, 2, 2),
(421, 'documents', 1401194361, 2745, 2, 9),
(422, 'development', 1394091020, 4248, 2, 9),
(423, 'marketing', 1388650901, 4314, 2, 7),
(424, 'marketing', 1395051608, 1260, 2, 16),
(425, 'support', 1411387365, 5641, 2, 13),
(426, 'development', 1418051800, 1905, 2, 1),
(427, 'development', 1395900543, 3556, 2, 16),
(428, 'support', 1397729317, 4312, 2, 0),
(429, 'negotiations', 1403761381, 3171, 2, 3),
(430, 'support', 1390381498, 2245, 2, 17),
(431, 'support', 1392117870, 4032, 2, 10),
(432, 'marketing', 1399901707, 3555, 2, 12),
(433, 'support', 1412661731, 1175, 2, 10),
(434, 'marketing', 1394696441, 765, 2, 5),
(435, 'development', 1391412349, 3404, 2, 9),
(436, 'development', 1398061383, 789, 2, 9),
(437, 'negotiations', 1395995832, 1603, 2, 17),
(438, 'documents', 1389769340, 4080, 2, 6),
(439, 'marketing', 1393501000, 907, 2, 4),
(440, 'negotiations', 1403507278, 4578, 2, 12),
(441, 'support', 1396352924, 3383, 2, 4),
(442, 'negotiations', 1420041313, 4492, 2, 6),
(443, 'marketing', 1416897748, 4020, 2, 2),
(444, 'support', 1394194009, 1734, 2, 5),
(445, 'negotiations', 1412924497, 2700, 2, 11),
(446, 'development', 1397632103, 4980, 2, 5),
(447, 'development', 1412756058, 1431, 2, 14),
(448, 'support', 1392732916, 1273, 2, 12),
(449, 'support', 1393511588, 5124, 2, 8),
(450, 'negotiations', 1391145733, 5010, 2, 2),
(451, 'development', 1414493392, 1009, 2, 4),
(452, 'marketing', 1419328091, 4425, 2, 11),
(453, 'support', 1412594356, 1808, 2, 15),
(454, 'negotiations', 1413437516, 5949, 2, 15),
(455, 'marketing', 1409577842, 632, 2, 6),
(456, 'support', 1408973385, 1906, 2, 8),
(457, 'documents', 1395740766, 5218, 2, 11),
(458, 'development', 1404376426, 413, 2, 5),
(459, 'development', 1412779158, 5449, 2, 17),
(460, 'negotiations', 1409665431, 4941, 2, 13),
(461, 'development', 1419579307, 3941, 2, 11),
(462, 'documents', 1406274500, 1822, 3, 15),
(463, 'development', 1396346187, 1736, 3, 6),
(464, 'development', 1403005809, 3338, 3, 9),
(465, 'negotiations', 1390226534, 4269, 3, 15),
(466, 'support', 1415869785, 1938, 3, 0),
(467, 'marketing', 1420010512, 1035, 3, 9),
(468, 'support', 1410446028, 4376, 3, 3),
(469, 'negotiations', 1418377129, 2435, 3, 12),
(470, 'development', 1388992593, 1515, 3, 4),
(471, 'marketing', 1406285088, 338, 3, 1),
(472, 'documents', 1402987521, 5383, 3, 10),
(473, 'support', 1400165435, 2872, 3, 10),
(474, 'support', 1390562450, 3316, 3, 12),
(475, 'documents', 1391088945, 4158, 3, 11),
(476, 'support', 1392873442, 3864, 3, 3),
(477, 'documents', 1399440663, 796, 3, 14),
(478, 'documents', 1407741369, 436, 3, 9),
(479, 'documents', 1399034483, 3304, 3, 13),
(480, 'development', 1405668118, 1811, 3, 4),
(481, 'development', 1397209560, 5118, 3, 17),
(482, 'development', 1407918471, 4638, 3, 16),
(483, 'negotiations', 1413375916, 4735, 3, 2),
(484, 'marketing', 1415882297, 1740, 3, 17),
(485, 'negotiations', 1409033060, 1835, 3, 8),
(486, 'negotiations', 1405085798, 3611, 3, 12),
(487, 'documents', 1395397149, 1031, 3, 1),
(488, 'support', 1390195733, 812, 3, 0),
(489, 'support', 1404976071, 4477, 3, 0),
(490, 'documents', 1404910620, 694, 3, 17),
(491, 'documents', 1389013768, 4248, 3, 12),
(492, 'development', 1403609304, 4272, 3, 11),
(493, 'documents', 1397139297, 972, 3, 13),
(494, 'development', 1416827484, 5575, 3, 15),
(495, 'negotiations', 1415693645, 1229, 3, 9),
(496, 'support', 1412762795, 3078, 3, 12),
(497, 'negotiations', 1404720043, 4600, 3, 15),
(498, 'negotiations', 1394608852, 2157, 3, 16),
(499, 'development', 1389686564, 5834, 3, 3),
(500, 'support', 1400509052, 1357, 3, 2),
(501, 'negotiations', 1400653429, 817, 3, 17),
(502, 'development', 1397215335, 3272, 3, 0),
(503, 'documents', 1392813767, 3935, 3, 3),
(504, 'marketing', 1412685794, 2986, 3, 10),
(505, 'marketing', 1391583676, 3751, 3, 16),
(506, 'negotiations', 1388653789, 3391, 3, 16),
(507, 'documents', 1417766896, 5556, 3, 13),
(508, 'documents', 1407244713, 5260, 3, 10),
(509, 'support', 1402550540, 4434, 3, 12),
(510, 'negotiations', 1416899673, 5305, 3, 14),
(511, 'documents', 1396507889, 1359, 3, 5),
(512, 'marketing', 1410271814, 4952, 3, 5),
(513, 'development', 1406096435, 5529, 3, 11),
(514, 'marketing', 1395925569, 3158, 3, 12),
(515, 'development', 1411623181, 578, 3, 5),
(516, 'documents', 1393231497, 3436, 3, 5),
(517, 'documents', 1419920999, 1142, 3, 8),
(518, 'marketing', 1397047858, 5495, 3, 0),
(519, 'documents', 1408621105, 488, 3, 7),
(520, 'support', 1389614376, 404, 3, 4),
(521, 'documents', 1420039388, 3207, 3, 12),
(522, 'documents', 1414067962, 2069, 3, 7),
(523, 'marketing', 1396343299, 2659, 3, 15),
(524, 'support', 1404716193, 2030, 3, 8),
(525, 'documents', 1407402565, 2313, 3, 3),
(526, 'documents', 1417603269, 4648, 3, 2),
(527, 'negotiations', 1406541116, 5917, 3, 4),
(528, 'support', 1395987169, 4372, 3, 7),
(529, 'negotiations', 1392821467, 3374, 3, 15),
(530, 'support', 1398687979, 5741, 3, 12),
(531, 'negotiations', 1395127646, 3560, 3, 3),
(532, 'marketing', 1399377138, 3998, 3, 7),
(533, 'marketing', 1418392529, 1314, 3, 2),
(534, 'marketing', 1395400999, 3601, 3, 8),
(535, 'negotiations', 1405671968, 4381, 3, 11),
(536, 'development', 1408978197, 2268, 3, 11),
(537, 'support', 1418108588, 2756, 3, 10),
(538, 'negotiations', 1388659564, 1545, 3, 17),
(539, 'development', 1397626328, 1125, 3, 4),
(540, 'documents', 1391172683, 5897, 3, 11),
(541, 'marketing', 1404999172, 2795, 3, 2),
(542, 'documents', 1397482913, 5159, 3, 4),
(543, 'development', 1413545318, 3797, 3, 14),
(544, 'marketing', 1419317504, 5909, 3, 7),
(545, 'documents', 1404469790, 2876, 3, 12),
(546, 'negotiations', 1404116548, 3666, 3, 13),
(547, 'marketing', 1393321011, 3329, 3, 5),
(548, 'development', 1420024950, 2121, 3, 1),
(549, 'documents', 1396525214, 1522, 3, 7),
(550, 'support', 1389343910, 5141, 3, 9),
(551, 'documents', 1419324241, 1855, 3, 5),
(552, 'development', 1396419337, 4959, 3, 2),
(553, 'marketing', 1399895932, 5401, 3, 12),
(554, 'documents', 1389019543, 2402, 3, 13),
(555, 'development', 1418818922, 3746, 3, 14),
(556, 'development', 1389794366, 3683, 3, 2),
(557, 'development', 1393312348, 397, 3, 14),
(558, 'development', 1391779066, 5908, 3, 3),
(559, 'negotiations', 1419601445, 4466, 3, 16),
(560, 'negotiations', 1410342077, 3397, 3, 10),
(561, 'marketing', 1389936818, 1857, 3, 6),
(562, 'negotiations', 1403777743, 5542, 3, 7),
(563, 'development', 1413191113, 1094, 3, 1),
(564, 'support', 1412002411, 2883, 3, 15),
(565, 'documents', 1416295215, 878, 3, 16),
(566, 'negotiations', 1402402314, 2405, 3, 8),
(567, 'development', 1389246696, 5808, 3, 13),
(568, 'negotiations', 1411018723, 1852, 3, 6),
(569, 'development', 1411538480, 1047, 3, 8),
(570, 'marketing', 1411980273, 2358, 3, 10),
(571, 'development', 1388987780, 1153, 3, 1),
(572, 'marketing', 1409820395, 2917, 3, 14),
(573, 'marketing', 1394025569, 464, 3, 8),
(574, 'support', 1404293650, 2167, 3, 2),
(575, 'negotiations', 1415885185, 817, 3, 8),
(576, 'negotiations', 1403704593, 2319, 3, 12),
(577, 'support', 1393398012, 3421, 3, 8),
(578, 'development', 1390487375, 4509, 3, 4),
(579, 'documents', 1407301501, 410, 3, 1),
(580, 'marketing', 1410965785, 3571, 3, 4),
(581, 'negotiations', 1390289097, 3275, 3, 7),
(582, 'marketing', 1392643402, 1380, 3, 11),
(583, 'development', 1419235690, 5455, 3, 1),
(584, 'development', 1406818320, 2827, 3, 16),
(585, 'support', 1392287272, 3093, 3, 4),
(586, 'documents', 1409731844, 816, 3, 11),
(587, 'negotiations', 1398922832, 2886, 3, 7),
(588, 'marketing', 1392960068, 4680, 3, 12),
(589, 'negotiations', 1406631592, 3602, 3, 2),
(590, 'documents', 1419255903, 4695, 3, 12),
(591, 'documents', 1415793746, 5340, 3, 13),
(592, 'development', 1395816805, 1817, 3, 16),
(593, 'documents', 1417683158, 3817, 3, 13),
(594, 'documents', 1401273287, 4122, 3, 5),
(595, 'documents', 1404820144, 3009, 3, 1),
(596, 'development', 1403090510, 2869, 3, 6),
(597, 'marketing', 1392621264, 855, 3, 6),
(598, 'support', 1392987019, 5567, 3, 3),
(599, 'negotiations', 1405661380, 5865, 3, 7),
(600, 'negotiations', 1392375824, 5194, 4, 7),
(601, 'documents', 1388568125, 367, 4, 4),
(602, 'marketing', 1412064974, 1889, 4, 7),
(603, 'marketing', 1413801346, 3675, 4, 17),
(604, 'development', 1398940157, 3049, 4, 9),
(605, 'negotiations', 1401437876, 2822, 4, 14),
(606, 'development', 1406784632, 5994, 4, 9),
(607, 'support', 1418904586, 1069, 4, 8),
(608, 'support', 1410326677, 4518, 4, 2),
(609, 'documents', 1419239540, 2324, 4, 8),
(610, 'support', 1394024607, 2672, 4, 11),
(611, 'negotiations', 1411655906, 5320, 4, 14),
(612, 'development', 1402409051, 4052, 4, 6),
(613, 'marketing', 1416401091, 3142, 4, 3),
(614, 'marketing', 1401858494, 1400, 4, 7),
(615, 'negotiations', 1415016036, 4982, 4, 15),
(616, 'support', 1405945321, 4422, 4, 16),
(617, 'support', 1415273027, 2652, 4, 15),
(618, 'support', 1412317152, 4898, 4, 4),
(619, 'documents', 1411479766, 4611, 4, 5),
(620, 'marketing', 1416209552, 3555, 4, 3),
(621, 'negotiations', 1410871459, 3315, 4, 0),
(622, 'marketing', 1415195064, 4768, 4, 16),
(623, 'marketing', 1413880272, 5052, 4, 14),
(624, 'marketing', 1389959918, 5875, 4, 8),
(625, 'negotiations', 1398256773, 2946, 4, 14),
(626, 'marketing', 1402303175, 1788, 4, 1),
(627, 'negotiations', 1412940860, 5072, 4, 16),
(628, 'development', 1413783058, 5720, 4, 0),
(629, 'documents', 1413194001, 5872, 4, 10),
(630, 'marketing', 1400510977, 2642, 4, 14),
(631, 'negotiations', 1417176876, 2215, 4, 7),
(632, 'support', 1390561488, 5524, 4, 15),
(633, 'negotiations', 1401432101, 4668, 4, 13),
(634, 'development', 1407737519, 3567, 4, 3),
(635, 'marketing', 1405495828, 3672, 4, 1),
(636, 'support', 1415103625, 3590, 4, 3),
(637, 'marketing', 1393404749, 5068, 4, 5),
(638, 'support', 1404986659, 2994, 4, 4),
(639, 'development', 1402380176, 1879, 4, 3),
(640, 'support', 1394537626, 5921, 4, 15),
(641, 'documents', 1413898560, 3007, 4, 13),
(642, 'negotiations', 1398329924, 468, 4, 10),
(643, 'negotiations', 1397636915, 5342, 4, 8),
(644, 'support', 1418390604, 5730, 4, 7),
(645, 'marketing', 1415876522, 3585, 4, 16),
(646, 'documents', 1393829217, 515, 4, 6),
(647, 'development', 1413963048, 3298, 4, 17),
(648, 'support', 1401716042, 3225, 4, 4),
(649, 'negotiations', 1392883067, 4588, 4, 10),
(650, 'marketing', 1393495225, 2753, 4, 3),
(651, 'documents', 1404887520, 2376, 4, 14),
(652, 'negotiations', 1394534738, 1143, 4, 6),
(653, 'development', 1419247240, 1763, 4, 3),
(654, 'negotiations', 1399976783, 2362, 4, 2),
(655, 'documents', 1418201952, 5220, 4, 17),
(656, 'support', 1404901958, 3463, 4, 7),
(657, 'negotiations', 1391084132, 3796, 4, 8),
(658, 'marketing', 1402563053, 4235, 4, 10),
(659, 'support', 1411381590, 1786, 4, 12),
(660, 'negotiations', 1419432043, 5404, 4, 4),
(661, 'development', 1399273186, 3019, 4, 14),
(662, 'support', 1412752208, 4562, 4, 8),
(663, 'documents', 1407250488, 3414, 4, 11),
(664, 'development', 1403847044, 494, 4, 15),
(665, 'documents', 1390891630, 716, 4, 11),
(666, 'documents', 1398430988, 2370, 4, 12),
(667, 'documents', 1392205459, 2640, 4, 16),
(668, 'support', 1397745679, 983, 4, 5),
(669, 'documents', 1410791570, 4147, 4, 6),
(670, 'documents', 1413813859, 3476, 4, 16),
(671, 'development', 1402492790, 5791, 4, 6),
(672, 'support', 1403779669, 1126, 4, 2),
(673, 'development', 1411550030, 3056, 4, 9),
(674, 'documents', 1411535592, 1970, 4, 16),
(675, 'development', 1415627232, 5355, 4, 11),
(676, 'negotiations', 1414650282, 5971, 4, 0),
(677, 'marketing', 1410502816, 5227, 4, 12),
(678, 'documents', 1417609044, 2802, 4, 2),
(679, 'marketing', 1409651956, 1647, 4, 17),
(680, 'marketing', 1417765934, 2063, 4, 16),
(681, 'marketing', 1407474753, 2042, 4, 2),
(682, 'support', 1398417513, 4777, 4, 16),
(683, 'negotiations', 1404375464, 2621, 4, 8),
(684, 'development', 1416557018, 4611, 4, 1),
(685, 'development', 1398844868, 5002, 4, 8),
(686, 'development', 1394801354, 5238, 4, 13),
(687, 'marketing', 1411726170, 3765, 4, 1),
(688, 'documents', 1400156772, 5641, 4, 0),
(689, 'negotiations', 1390830029, 5203, 4, 17),
(690, 'development', 1404224349, 1514, 4, 13),
(691, 'support', 1393855205, 3610, 4, 17),
(692, 'negotiations', 1413471204, 2783, 4, 3),
(693, 'development', 1394012094, 2871, 4, 13),
(694, 'support', 1389186058, 2387, 4, 16),
(695, 'support', 1399624503, 944, 4, 1),
(696, 'marketing', 1390811741, 1547, 4, 0),
(697, 'marketing', 1417687008, 686, 4, 2),
(698, 'marketing', 1394798467, 460, 4, 4),
(699, 'marketing', 1405314876, 2601, 4, 6),
(700, 'development', 1406524753, 3546, 4, 0),
(701, 'documents', 1413971711, 529, 4, 9),
(702, 'development', 1399645678, 3677, 4, 9),
(703, 'documents', 1414575206, 1463, 4, 10),
(704, 'marketing', 1410159200, 1040, 4, 2),
(705, 'support', 1405927996, 4259, 4, 14),
(706, 'negotiations', 1398177847, 1569, 4, 0),
(707, 'documents', 1406714368, 1848, 4, 5),
(708, 'marketing', 1399472426, 2045, 4, 9),
(709, 'marketing', 1418797747, 1013, 4, 6),
(710, 'documents', 1413188226, 2017, 4, 9),
(711, 'negotiations', 1392105358, 4230, 4, 11),
(712, 'marketing', 1412848459, 401, 4, 6),
(713, 'support', 1415786046, 5900, 4, 0),
(714, 'negotiations', 1411987973, 1797, 4, 5),
(715, 'negotiations', 1400664979, 2826, 4, 0),
(716, 'documents', 1394454850, 1974, 4, 12),
(717, 'development', 1419421455, 1187, 4, 0),
(718, 'support', 1390280434, 343, 4, 15),
(719, 'marketing', 1403172323, 3323, 4, 12),
(720, 'support', 1389592238, 5579, 4, 17),
(721, 'development', 1391513413, 5306, 4, 11),
(722, 'marketing', 1397560877, 3042, 4, 3),
(723, 'support', 1419428192, 2834, 4, 16),
(724, 'negotiations', 1388670151, 5762, 4, 3),
(725, 'negotiations', 1416573381, 1281, 4, 6),
(726, 'development', 1406812545, 4673, 4, 15),
(727, 'development', 1394428862, 4579, 4, 0),
(728, 'documents', 1403275312, 809, 4, 8),
(729, 'negotiations', 1409315076, 4808, 4, 5),
(730, 'negotiations', 1408695219, 1503, 4, 17),
(731, 'documents', 1415963148, 4401, 4, 7),
(732, 'negotiations', 1393830180, 4008, 4, 3),
(733, 'documents', 1400500389, 4126, 4, 10),
(734, 'documents', 1412935085, 1217, 4, 15),
(735, 'marketing', 1392982206, 5205, 4, 17),
(736, 'documents', 1401340663, 3490, 4, 0),
(737, 'marketing', 1419846885, 5828, 4, 15),
(738, 'marketing', 1414760971, 2896, 4, 8),
(739, 'support', 1400250136, 2403, 4, 7),
(740, 'support', 1396257635, 5336, 4, 3),
(741, 'documents', 1398768830, 2702, 4, 3),
(742, 'marketing', 1418815072, 1176, 4, 8),
(743, 'support', 1409047498, 2921, 4, 1),
(744, 'marketing', 1409567255, 2116, 4, 2),
(745, 'negotiations', 1415958336, 4039, 4, 4),
(746, 'marketing', 1392649177, 5236, 4, 12),
(747, 'documents', 1399964270, 2560, 4, 4),
(748, 'marketing', 1404226274, 2799, 4, 7),
(749, 'negotiations', 1412579918, 722, 4, 5),
(750, 'marketing', 1406803882, 1741, 4, 5),
(751, 'documents', 1400839194, 2250, 4, 16),
(752, 'marketing', 1390974406, 4663, 4, 14),
(753, 'support', 1408110974, 2018, 4, 12),
(754, 'development', 1402048109, 5403, 4, 13),
(755, 'development', 1398336662, 2115, 4, 8),
(756, 'marketing', 1414749420, 887, 4, 7),
(757, 'negotiations', 1403010621, 3700, 4, 13),
(758, 'development', 1417533006, 502, 4, 15),
(759, 'marketing', 1400065334, 4463, 4, 6),
(760, 'documents', 1389701002, 1220, 4, 14),
(761, 'documents', 1407233162, 3251, 4, 9),
(762, 'negotiations', 1418049875, 620, 4, 7),
(763, 'support', 1388649939, 821, 4, 10),
(764, 'support', 1399021008, 5711, 4, 0),
(765, 'negotiations', 1406726881, 1649, 4, 3),
(766, 'documents', 1404396639, 5354, 4, 16),
(767, 'support', 1396934281, 3791, 4, 0),
(768, 'negotiations', 1402982708, 5021, 4, 7),
(769, 'documents', 1396242235, 757, 4, 13),
(770, 'support', 1400074959, 5187, 4, 13),
(771, 'development', 1409311226, 2238, 4, 17),
(772, 'support', 1403611229, 5557, 4, 5),
(773, 'support', 1415711933, 4886, 4, 8),
(774, 'negotiations', 1391417161, 3766, 4, 13),
(775, 'documents', 1419605295, 1335, 4, 5),
(776, 'support', 1393234384, 2513, 4, 14),
(777, 'documents', 1400478252, 3601, 4, 5),
(778, 'marketing', 1397657128, 4583, 4, 2),
(779, 'documents', 1391675115, 4929, 4, 10),
(780, 'marketing', 1398339549, 1192, 4, 17),
(781, 'development', 1414059299, 4838, 4, 15),
(782, 'negotiations', 1410251601, 5712, 4, 12),
(783, 'support', 1408714469, 2951, 4, 13),
(784, 'negotiations', 1414074699, 3716, 4, 4),
(785, 'documents', 1419001800, 401, 4, 3),
(786, 'negotiations', 1400230886, 954, 4, 11),
(787, 'documents', 1393846542, 678, 4, 7),
(788, 'marketing', 1391696290, 1961, 4, 1),
(789, 'documents', 1402552465, 5719, 4, 6),
(790, 'negotiations', 1405074247, 1602, 4, 10),
(791, 'support', 1395727291, 1924, 4, 15),
(792, 'development', 1409818470, 1632, 4, 2),
(793, 'development', 1410517254, 612, 4, 4),
(794, 'development', 1409057123, 3645, 4, 8),
(795, 'development', 1404281137, 2366, 4, 4),
(796, 'marketing', 1413288327, 427, 4, 14),
(797, 'documents', 1394703178, 2412, 4, 2),
(798, 'marketing', 1406888583, 1272, 4, 2),
(799, 'documents', 1405338938, 4412, 4, 5),
(800, 'support', 1396421262, 543, 4, 14),
(801, 'negotiations', 1400225111, 2800, 4, 11),
(802, 'development', 1404365838, 1897, 4, 1),
(803, 'marketing', 1415972774, 5126, 4, 14),
(804, 'development', 1389274609, 4488, 4, 1),
(805, 'support', 1418802560, 1375, 4, 9),
(806, 'development', 1406615230, 1231, 4, 15),
(807, 'development', 1396939094, 4154, 4, 3),
(808, 'support', 1391069694, 2710, 4, 15),
(809, 'marketing', 1403251249, 4700, 4, 8),
(810, 'marketing', 1398677391, 1524, 4, 8),
(811, 'negotiations', 1399384838, 3437, 4, 2),
(812, 'support', 1416552206, 4249, 4, 16),
(813, 'marketing', 1406020397, 3229, 4, 6),
(814, 'development', 1419495568, 2202, 4, 11),
(815, 'support', 1404106923, 2942, 4, 6),
(816, 'support', 1402065434, 5566, 4, 14),
(817, 'development', 1414582906, 902, 4, 5),
(818, 'negotiations', 1408345827, 4863, 4, 7),
(819, 'support', 1405065585, 4370, 4, 0),
(820, 'marketing', 1389683677, 1056, 4, 12),
(821, 'documents', 1401199173, 3107, 4, 12),
(822, 'marketing', 1409036910, 4405, 4, 15),
(823, 'development', 1392292085, 3456, 4, 7),
(824, 'development', 1409118724, 4859, 4, 2),
(825, 'marketing', 1419260715, 5057, 4, 16),
(826, 'documents', 1395036207, 2382, 4, 8),
(827, 'development', 1406283163, 4754, 4, 7),
(828, 'negotiations', 1407911734, 2991, 4, 0),
(829, 'documents', 1408017610, 5256, 4, 5),
(830, 'marketing', 1415623382, 2785, 4, 4),
(831, 'support', 1417792884, 2950, 4, 7),
(832, 'development', 1399357887, 2550, 4, 11),
(833, 'support', 1409836758, 5288, 4, 1),
(834, 'documents', 1410171712, 842, 4, 0),
(835, 'marketing', 1413982298, 4746, 4, 13),
(836, 'development', 1416308690, 4172, 4, 11),
(837, 'negotiations', 1395386562, 2515, 4, 15),
(838, 'marketing', 1413441366, 2818, 4, 3),
(839, 'marketing', 1400239549, 3886, 4, 3),
(840, 'negotiations', 1418980624, 3369, 4, 13),
(841, 'marketing', 1397138334, 3180, 4, 15),
(842, 'documents', 1401701605, 2139, 4, 12),
(843, 'negotiations', 1399018120, 933, 4, 8),
(844, 'documents', 1409578805, 4125, 4, 3),
(845, 'negotiations', 1397219185, 5842, 4, 6),
(846, 'negotiations', 1411559655, 3780, 4, 16),
(847, 'development', 1394006319, 4717, 4, 12),
(848, 'documents', 1394545326, 5360, 4, 10),
(849, 'support', 1399906519, 3917, 4, 16),
(850, 'development', 1418028700, 3588, 4, 17),
(851, 'negotiations', 1407752919, 2446, 4, 10),
(852, 'support', 1416918923, 1052, 4, 10),
(853, 'documents', 1401887369, 3572, 4, 10),
(854, 'documents', 1417699520, 487, 4, 0),
(855, 'development', 1395122833, 3198, 4, 17),
(856, 'negotiations', 1401950895, 370, 4, 17),
(857, 'support', 1394808092, 1184, 4, 11),
(858, 'support', 1416484830, 4881, 4, 3),
(859, 'negotiations', 1398262548, 1100, 4, 15),
(860, 'negotiations', 1390300647, 5284, 4, 8),
(861, 'support', 1404473640, 5446, 4, 0),
(862, 'marketing', 1397036308, 3486, 4, 17),
(863, 'marketing', 1409808845, 908, 4, 13),
(864, 'documents', 1416842885, 4453, 4, 5),
(865, 'documents', 1407306313, 773, 4, 5),
(866, 'support', 1415695570, 2514, 4, 3),
(867, 'development', 1419229915, 1600, 4, 1),
(868, 'documents', 1410239088, 5910, 4, 14),
(869, 'marketing', 1407497853, 360, 4, 4),
(870, 'support', 1401457126, 4270, 4, 10),
(871, 'support', 1410163050, 3611, 4, 8),
(872, 'development', 1391688590, 2522, 4, 6),
(873, 'marketing', 1395118983, 628, 4, 11),
(874, 'negotiations', 1398680279, 601, 4, 17),
(875, 'support', 1400650541, 1740, 4, 8),
(876, 'marketing', 1411969685, 3842, 4, 6),
(877, 'negotiations', 1419516744, 4935, 4, 1),
(878, 'documents', 1396598365, 4745, 4, 3),
(879, 'marketing', 1393574151, 4130, 4, 17),
(880, 'documents', 1404915433, 1056, 4, 2),
(881, 'documents', 1419403167, 3232, 4, 1),
(882, 'documents', 1396000645, 1965, 4, 2),
(883, 'documents', 1405344713, 2566, 4, 6),
(884, 'documents', 1416577231, 3851, 4, 13),
(885, 'support', 1394018832, 4518, 4, 11),
(886, 'marketing', 1415375053, 2346, 4, 14),
(887, 'negotiations', 1395403887, 2678, 4, 17),
(888, 'negotiations', 1391174608, 1481, 4, 5),
(889, 'marketing', 1416406867, 1296, 4, 3),
(890, 'development', 1416895823, 2735, 4, 7),
(891, 'support', 1406272575, 537, 4, 3),
(892, 'documents', 1410442178, 1806, 4, 14),
(893, 'marketing', 1393838842, 1239, 4, 13),
(894, 'negotiations', 1392798366, 5057, 4, 13),
(895, 'marketing', 1394177646, 5064, 4, 1),
(896, 'development', 1398782305, 5996, 4, 16),
(897, 'support', 1415605094, 4829, 4, 5),
(898, 'documents', 1399462801, 1321, 4, 2),
(899, 'negotiations', 1406637367, 1756, 4, 3),
(900, 'development', 1397818830, 4205, 4, 1),
(901, 'support', 1418131688, 1074, 4, 13),
(902, 'negotiations', 1414678195, 4650, 4, 6),
(903, 'marketing', 1420033613, 5053, 4, 11),
(904, 'support', 1399443551, 5574, 4, 6),
(905, 'marketing', 1407999322, 1599, 4, 6),
(906, 'negotiations', 1407764469, 4455, 4, 11),
(907, 'marketing', 1395751354, 3734, 4, 15),
(908, 'marketing', 1398254848, 1661, 4, 2),
(909, 'support', 1410180375, 3774, 4, 10),
(910, 'marketing', 1392187171, 4684, 4, 17),
(911, 'documents', 1399553277, 4707, 4, 17),
(912, 'support', 1407834733, 2899, 4, 16),
(913, 'negotiations', 1391782916, 2777, 4, 10),
(914, 'documents', 1404114623, 2381, 4, 1),
(915, 'negotiations', 1388997406, 1877, 4, 8),
(916, 'support', 1389338135, 1285, 4, 8),
(917, 'marketing', 1389164883, 5355, 4, 7),
(918, 'marketing', 1399032558, 2019, 4, 1),
(919, 'documents', 1402395576, 758, 4, 10),
(920, 'development', 1415265327, 3213, 4, 2),
(921, 'development', 1419856510, 851, 4, 4),
(922, 'negotiations', 1391579826, 1181, 4, 9),
(923, 'marketing', 1409053273, 1075, 4, 1),
(924, 'documents', 1396248010, 4612, 4, 14),
(925, 'documents', 1409303526, 2799, 4, 4),
(926, 'marketing', 1411455704, 2801, 4, 5),
(927, 'support', 1416563756, 557, 4, 17),
(928, 'documents', 1410938835, 2683, 4, 13),
(929, 'negotiations', 1416911223, 1613, 4, 15),
(930, 'development', 1408341014, 4501, 4, 4),
(931, 'development', 1389179320, 740, 4, 0),
(932, 'documents', 1415111325, 3029, 4, 16),
(933, 'negotiations', 1398088334, 1676, 4, 17),
(934, 'support', 1411020648, 3137, 4, 1),
(935, 'documents', 1394089095, 2963, 4, 15),
(936, 'development', 1405921258, 2612, 4, 16),
(937, 'negotiations', 1418992174, 5378, 4, 14),
(938, 'development', 1400490764, 3402, 4, 3),
(939, 'documents', 1399626428, 2229, 4, 13),
(940, 'documents', 1414045824, 1544, 4, 1),
(941, 'support', 1403103022, 2671, 4, 5),
(942, 'documents', 1413527030, 5842, 4, 15),
(943, 'documents', 1419334829, 371, 4, 9),
(944, 'documents', 1399987370, 878, 4, 6),
(945, 'negotiations', 1390904142, 517, 4, 9),
(946, 'support', 1391159208, 2603, 4, 16),
(947, 'documents', 1395058345, 2907, 4, 13),
(948, 'negotiations', 1402311837, 4720, 4, 11),
(949, 'support', 1418137464, 4929, 4, 14),
(950, 'development', 1413297952, 1151, 4, 3),
(951, 'documents', 1406720143, 5703, 4, 5),
(952, 'documents', 1398092184, 4246, 4, 6),
(953, 'documents', 1388573900, 4222, 4, 5),
(954, 'documents', 1391495125, 1650, 4, 12),
(955, 'development', 1403180986, 554, 4, 4),
(956, 'negotiations', 1392381599, 3349, 4, 8),
(957, 'negotiations', 1418727484, 2568, 4, 1),
(958, 'development', 1412834984, 2807, 4, 11),
(959, 'development', 1402904745, 1436, 4, 8),
(960, 'documents', 1395323999, 3509, 4, 5),
(961, 'documents', 1409229413, 1784, 4, 11),
(962, 'marketing', 1397629215, 5903, 4, 14),
(963, 'development', 1393318123, 4252, 4, 14),
(964, 'negotiations', 1397540664, 3802, 4, 10),
(965, 'negotiations', 1409912796, 1887, 4, 6),
(966, 'negotiations', 1390914730, 4734, 4, 14),
(967, 'development', 1390994618, 3903, 4, 7),
(968, 'marketing', 1417185539, 5147, 4, 17),
(969, 'support', 1409639443, 1846, 4, 1),
(970, 'support', 1394531851, 2066, 4, 14),
(971, 'development', 1415864010, 3784, 4, 0),
(972, 'development', 1404726781, 546, 4, 12),
(973, 'negotiations', 1411644356, 3311, 4, 13),
(974, 'marketing', 1398756317, 2901, 4, 4),
(975, 'support', 1406610417, 869, 4, 12),
(976, 'negotiations', 1398071008, 1513, 4, 16),
(977, 'support', 1411629918, 2225, 4, 2),
(978, 'marketing', 1401807481, 4403, 4, 17),
(979, 'documents', 1418720746, 921, 4, 4),
(980, 'support', 1412334477, 5061, 4, 5),
(981, 'documents', 1404126173, 4390, 4, 3),
(982, 'development', 1417070037, 2159, 4, 5),
(983, 'development', 1397456926, 2063, 4, 10),
(984, 'support', 1417009399, 4438, 4, 8),
(985, 'marketing', 1402669892, 4292, 4, 13),
(986, 'support', 1402483165, 5067, 4, 17),
(987, 'support', 1415949673, 1107, 4, 12),
(988, 'documents', 1400849781, 766, 4, 2),
(989, 'support', 1413366290, 4011, 4, 13),
(990, 'documents', 1403590054, 2824, 4, 15),
(991, 'development', 1418282803, 2180, 4, 8),
(992, 'support', 1403532303, 4180, 4, 8),
(993, 'documents', 1415285540, 2453, 4, 13),
(994, 'negotiations', 1412693494, 2425, 4, 5),
(995, 'marketing', 1390287172, 1990, 4, 13),
(996, 'negotiations', 1414661832, 2279, 4, 1),
(997, 'documents', 1392013919, 3052, 4, 16),
(998, 'development', 1391751153, 1527, 4, 16),
(999, 'negotiations', 1419945062, 2952, 4, 8),
(1000, 'development', 1407161937, 1313, 4, 7),
(1001, 'development', 1417696633, 1410, 4, 9),
(1002, 'support', 1398947857, 2488, 4, 4),
(1003, 'marketing', 1407390052, 2511, 4, 5),
(1004, 'marketing', 1400566803, 5702, 4, 8),
(1005, 'support', 1415255702, 2489, 4, 13),
(1006, 'marketing', 1407502666, 722, 4, 8),
(1007, 'support', 1401372425, 4739, 4, 13),
(1008, 'development', 1419331941, 1294, 4, 0),
(1009, 'marketing', 1417077738, 1598, 4, 0),
(1010, 'support', 1416467505, 4718, 4, 1),
(1011, 'support', 1389016656, 3325, 4, 4),
(1012, 'documents', 1402919183, 2522, 4, 0),
(1013, 'development', 1396425113, 3113, 4, 3),
(1014, 'marketing', 1410344964, 2474, 4, 1),
(1015, 'negotiations', 1391602926, 5199, 4, 12),
(1016, 'marketing', 1397803430, 5327, 4, 11),
(1017, 'documents', 1404295575, 3452, 4, 15),
(1018, 'negotiations', 1396615690, 4908, 4, 5),
(1019, 'development', 1390554750, 3877, 4, 17),
(1020, 'marketing', 1419401242, 1947, 5, 7),
(1021, 'support', 1406554591, 3510, 5, 0),
(1022, 'development', 1406119536, 3846, 5, 13),
(1023, 'development', 1412858084, 1125, 5, 13),
(1024, 'marketing', 1395931344, 1312, 5, 13),
(1025, 'negotiations', 1390368023, 4652, 5, 3),
(1026, 'support', 1398665841, 5216, 5, 7),
(1027, 'support', 1392276685, 4577, 5, 17),
(1028, 'development', 1410512442, 5951, 5, 1),
(1029, 'negotiations', 1394709916, 4060, 5, 0),
(1030, 'development', 1398432913, 3655, 5, 6),
(1031, 'development', 1400497502, 5049, 5, 1),
(1032, 'negotiations', 1404984734, 1709, 5, 10),
(1033, 'development', 1406034835, 4315, 5, 16),
(1034, 'support', 1395642590, 2393, 5, 0),
(1035, 'negotiations', 1417092175, 2684, 5, 10),
(1036, 'marketing', 1413204588, 4389, 5, 14),
(1037, 'development', 1393222834, 504, 5, 13),
(1038, 'negotiations', 1404809557, 4493, 5, 15),
(1039, 'negotiations', 1392302673, 1972, 5, 11),
(1040, 'development', 1389597051, 5941, 5, 2),
(1041, 'negotiations', 1404476527, 4523, 5, 10),
(1042, 'documents', 1398143197, 1243, 5, 14),
(1043, 'development', 1406293750, 3270, 5, 11),
(1044, 'documents', 1394686815, 5742, 5, 16),
(1045, 'documents', 1408716394, 4236, 5, 8),
(1046, 'marketing', 1394082358, 1316, 5, 17),
(1047, 'development', 1397040158, 355, 5, 5),
(1048, 'documents', 1409217863, 5476, 5, 10),
(1049, 'negotiations', 1403596791, 4471, 5, 12),
(1050, 'support', 1389006068, 4809, 5, 0),
(1051, 'development', 1398337624, 5608, 5, 5),
(1052, 'marketing', 1411021611, 929, 5, 16),
(1053, 'documents', 1410848358, 4998, 5, 15),
(1054, 'documents', 1389176433, 1663, 5, 9),
(1055, 'negotiations', 1396272073, 721, 5, 13),
(1056, 'marketing', 1413294102, 4282, 5, 14),
(1057, 'negotiations', 1412586655, 2369, 5, 2),
(1058, 'support', 1415277840, 3014, 5, 0),
(1059, 'marketing', 1407508441, 4577, 5, 8),
(1060, 'documents', 1398926682, 5456, 5, 14),
(1061, 'development', 1399893044, 623, 5, 2),
(1062, 'support', 1413354740, 2002, 5, 12),
(1063, 'negotiations', 1410431591, 3290, 5, 10),
(1064, 'marketing', 1393489450, 4599, 5, 2),
(1065, 'marketing', 1406267763, 5876, 5, 17),
(1066, 'development', 1419004687, 5179, 5, 13),
(1067, 'development', 1403502465, 4216, 5, 8),
(1068, 'negotiations', 1410166900, 480, 5, 15),
(1069, 'support', 1395141121, 1153, 5, 16),
(1070, 'negotiations', 1396520401, 1160, 5, 4),
(1071, 'development', 1392986056, 2074, 5, 6),
(1072, 'negotiations', 1395814880, 532, 5, 4),
(1073, 'negotiations', 1418202914, 3012, 5, 14),
(1074, 'development', 1397655203, 3298, 5, 7),
(1075, 'marketing', 1419920036, 3350, 5, 11),
(1076, 'support', 1411472066, 5172, 5, 10),
(1077, 'support', 1397808243, 5689, 5, 15),
(1078, 'support', 1409576880, 2840, 5, 9),
(1079, 'development', 1409203425, 4390, 5, 17),
(1080, 'documents', 1404380276, 2983, 5, 12),
(1081, 'development', 1389607638, 4457, 5, 7),
(1082, 'marketing', 1404305200, 4176, 5, 4),
(1083, 'documents', 1409043648, 351, 5, 12),
(1084, 'documents', 1393564526, 3406, 5, 10),
(1085, 'marketing', 1419864211, 5991, 5, 17),
(1086, 'negotiations', 1396847655, 2975, 5, 8),
(1087, 'negotiations', 1393937018, 4064, 5, 5),
(1088, 'support', 1393917768, 2616, 5, 9),
(1089, 'development', 1406530528, 1700, 5, 0),
(1090, 'marketing', 1394544364, 1867, 5, 13),
(1091, 'negotiations', 1388754852, 5293, 5, 0),
(1092, 'marketing', 1402410976, 5337, 5, 0),
(1093, 'negotiations', 1418715933, 559, 5, 0),
(1094, 'support', 1407326526, 5714, 5, 16),
(1095, 'documents', 1410864721, 1668, 5, 2),
(1096, 'documents', 1393237272, 1590, 5, 6),
(1097, 'development', 1404709455, 382, 5, 11),
(1098, 'negotiations', 1401088484, 481, 5, 3),
(1099, 'support', 1412346027, 1369, 5, 7),
(1100, 'marketing', 1410790608, 654, 5, 9),
(1101, 'support', 1415351953, 4029, 5, 11),
(1102, 'negotiations', 1404894258, 4024, 5, 12),
(1103, 'negotiations', 1396260523, 4413, 5, 12),
(1104, 'support', 1401101959, 3775, 5, 17),
(1105, 'development', 1413280627, 987, 5, 1),
(1106, 'marketing', 1413881234, 2844, 5, 11),
(1107, 'documents', 1395312448, 1500, 5, 4),
(1108, 'documents', 1398255811, 5154, 5, 17),
(1109, 'development', 1418896886, 1630, 5, 13),
(1110, 'support', 1406639292, 3041, 5, 15),
(1111, 'support', 1417415579, 1930, 5, 9),
(1112, 'support', 1396590665, 5306, 5, 8),
(1113, 'support', 1390488337, 2301, 5, 1),
(1114, 'marketing', 1414743645, 2733, 5, 7),
(1115, 'documents', 1404390864, 1499, 5, 16),
(1116, 'support', 1409825208, 3279, 5, 0),
(1117, 'support', 1412932197, 2140, 5, 6),
(1118, 'development', 1418914211, 1793, 5, 15),
(1119, 'support', 1416569531, 4412, 5, 0),
(1120, 'development', 1409558592, 4885, 5, 10),
(1121, 'marketing', 1390805966, 3393, 5, 17),
(1122, 'support', 1416828447, 3367, 5, 12),
(1123, 'documents', 1402913408, 4368, 5, 0),
(1124, 'negotiations', 1399548465, 4345, 5, 14),
(1125, 'development', 1398168222, 845, 5, 11),
(1126, 'marketing', 1398953632, 642, 5, 4),
(1127, 'negotiations', 1416223027, 1148, 5, 17),
(1128, 'marketing', 1397025720, 4969, 5, 12),
(1129, 'marketing', 1412668469, 2823, 5, 8),
(1130, 'documents', 1395724404, 2847, 5, 6),
(1131, 'marketing', 1389254396, 5248, 5, 8),
(1132, 'documents', 1389018581, 4610, 5, 16),
(1133, 'documents', 1390913767, 1241, 5, 16),
(1134, 'negotiations', 1389330435, 1846, 5, 13),
(1135, 'negotiations', 1400749680, 2357, 5, 15),
(1136, 'documents', 1389266909, 5049, 5, 6),
(1137, 'support', 1406187874, 1006, 5, 6),
(1138, 'documents', 1415787971, 1484, 5, 13),
(1139, 'marketing', 1398943045, 2126, 5, 0),
(1140, 'documents', 1399293399, 2259, 5, 8),
(1141, 'development', 1402464877, 1410, 5, 0),
(1142, 'development', 1392629927, 3787, 5, 16),
(1143, 'support', 1390916655, 318, 5, 8),
(1144, 'negotiations', 1390373798, 2806, 5, 4),
(1145, 'development', 1418728446, 360, 5, 16),
(1146, 'marketing', 1398316449, 2875, 5, 15),
(1147, 'development', 1419580269, 1733, 5, 8),
(1148, 'support', 1398151859, 4175, 5, 6),
(1149, 'negotiations', 1395837980, 4550, 5, 6),
(1150, 'negotiations', 1412681944, 416, 5, 3),
(1151, 'support', 1398936307, 479, 5, 3),
(1152, 'marketing', 1400584128, 5865, 5, 10),
(1153, 'negotiations', 1408971460, 621, 5, 14),
(1154, 'documents', 1404989546, 2071, 5, 13),
(1155, 'documents', 1401690054, 5831, 5, 10),
(1156, 'support', 1412154487, 1782, 5, 7),
(1157, 'development', 1416996887, 4637, 5, 9),
(1158, 'documents', 1402039446, 2471, 5, 3),
(1159, 'support', 1415948711, 3315, 5, 15),
(1160, 'negotiations', 1400236661, 4809, 5, 12),
(1161, 'negotiations', 1410184225, 643, 5, 17);
INSERT INTO `activities` (`id`, `action`, `created_at`, `duration`, `contact_id`, `employee_id`) VALUES
(1162, 'support', 1390206321, 5029, 5, 4),
(1163, 'negotiations', 1391772328, 4261, 5, 6),
(1164, 'support', 1406645067, 1195, 5, 15),
(1165, 'documents', 1409923384, 403, 5, 10),
(1166, 'marketing', 1400667866, 1903, 5, 10),
(1167, 'negotiations', 1408351602, 3017, 5, 8),
(1168, 'support', 1392880180, 5511, 5, 1),
(1169, 'negotiations', 1394185347, 4503, 5, 13),
(1170, 'documents', 1397646541, 365, 5, 15),
(1171, 'marketing', 1417518568, 5117, 5, 5),
(1172, 'marketing', 1403515940, 1809, 5, 4),
(1173, 'negotiations', 1413967861, 3660, 5, 2),
(1174, 'support', 1400565840, 2209, 5, 11),
(1175, 'negotiations', 1398674504, 2447, 5, 17),
(1176, 'development', 1401095222, 2128, 5, 1),
(1177, 'negotiations', 1417785184, 3511, 5, 12),
(1178, 'negotiations', 1419246278, 3971, 5, 5),
(1179, 'marketing', 1398158597, 5822, 5, 4),
(1180, 'documents', 1412314265, 5821, 5, 12),
(1181, 'development', 1391598114, 4837, 5, 8),
(1182, 'development', 1417172064, 1853, 5, 4),
(1183, 'development', 1396864981, 3139, 5, 10),
(1184, 'development', 1395207535, 2729, 5, 14),
(1185, 'documents', 1405660417, 2372, 5, 10),
(1186, 'marketing', 1392807029, 2288, 5, 5),
(1187, 'negotiations', 1407239900, 4898, 5, 7),
(1188, 'negotiations', 1397737979, 1543, 5, 10),
(1189, 'development', 1400136560, 699, 5, 7),
(1190, 'support', 1397554139, 1395, 5, 6),
(1191, 'support', 1402392688, 1681, 5, 1),
(1192, 'marketing', 1393484638, 4237, 5, 17),
(1193, 'marketing', 1407417965, 1191, 5, 11),
(1194, 'marketing', 1404299425, 321, 5, 3),
(1195, 'documents', 1404222424, 5930, 5, 1),
(1196, 'development', 1411651094, 4958, 5, 11),
(1197, 'development', 1417154739, 1690, 5, 2),
(1198, 'documents', 1392041832, 1732, 5, 4),
(1199, 'negotiations', 1398246186, 4430, 5, 10),
(1200, 'marketing', 1389774153, 4442, 5, 9),
(1201, 'development', 1411114974, 3392, 5, 5),
(1202, 'negotiations', 1392984131, 789, 5, 12),
(1203, 'negotiations', 1400242436, 2963, 5, 13),
(1204, 'development', 1400823793, 3372, 5, 8),
(1205, 'documents', 1419577382, 2656, 5, 17),
(1206, 'negotiations', 1413449066, 2257, 5, 16),
(1207, 'development', 1396611840, 2338, 5, 16),
(1208, 'documents', 1403686305, 4364, 5, 13),
(1209, 'support', 1409289089, 1713, 5, 12),
(1210, 'development', 1410952310, 5977, 5, 8),
(1211, 'marketing', 1401976883, 3465, 5, 11),
(1212, 'support', 1395411587, 2117, 5, 12),
(1213, 'development', 1409913759, 5380, 5, 3),
(1214, 'support', 1391768478, 1691, 5, 17),
(1215, 'documents', 1396434738, 3837, 5, 10),
(1216, 'documents', 1408000285, 5092, 5, 3),
(1217, 'documents', 1395819692, 894, 5, 7),
(1218, 'documents', 1400054746, 5946, 5, 2),
(1219, 'negotiations', 1414142075, 3084, 5, 0),
(1220, 'marketing', 1404908695, 5110, 5, 5),
(1221, 'marketing', 1416305803, 5095, 5, 2),
(1222, 'support', 1408448815, 2349, 5, 3),
(1223, 'support', 1393584739, 2646, 5, 4),
(1224, 'negotiations', 1398933419, 1402, 5, 11),
(1225, 'support', 1400148110, 2708, 5, 8),
(1226, 'negotiations', 1419347341, 5873, 5, 7),
(1227, 'marketing', 1407993547, 3445, 5, 6),
(1228, 'documents', 1409144712, 2253, 5, 14),
(1229, 'documents', 1410859909, 1306, 5, 17),
(1230, 'marketing', 1408518116, 3002, 5, 11),
(1231, 'marketing', 1394442337, 2173, 5, 14),
(1232, 'marketing', 1396935244, 1583, 5, 15),
(1233, 'marketing', 1390822329, 5764, 5, 4),
(1234, 'documents', 1412917760, 1053, 5, 13),
(1235, 'documents', 1395926531, 950, 5, 10),
(1236, 'negotiations', 1391518225, 5668, 5, 15),
(1237, 'negotiations', 1404296538, 1244, 5, 12),
(1238, 'support', 1402556315, 2588, 5, 13),
(1239, 'development', 1416562794, 2765, 5, 2),
(1240, 'development', 1412068824, 4459, 6, 13),
(1241, 'documents', 1408542179, 4812, 6, 10),
(1242, 'development', 1411994710, 3444, 6, 2),
(1243, 'support', 1395992945, 2526, 6, 8),
(1244, 'support', 1395845680, 3989, 6, 1),
(1245, 'development', 1391085095, 1588, 6, 5),
(1246, 'negotiations', 1395820655, 4387, 6, 4),
(1247, 'development', 1416822672, 5213, 6, 12),
(1248, 'support', 1393843655, 1601, 6, 16),
(1249, 'support', 1416231689, 4080, 6, 9),
(1250, 'documents', 1398944007, 5619, 6, 15),
(1251, 'documents', 1395752316, 1526, 6, 12),
(1252, 'documents', 1392718478, 5888, 6, 1),
(1253, 'marketing', 1410525917, 3545, 6, 14),
(1254, 'marketing', 1403160773, 1314, 6, 11),
(1255, 'documents', 1397212448, 4195, 6, 8),
(1256, 'negotiations', 1394524151, 2626, 6, 1),
(1257, 'documents', 1401357988, 3653, 6, 2),
(1258, 'support', 1413468317, 3706, 6, 12),
(1259, 'marketing', 1406539191, 4632, 6, 10),
(1260, 'negotiations', 1402317612, 2874, 6, 11),
(1261, 'marketing', 1388646089, 3952, 6, 3),
(1262, 'support', 1396865943, 931, 6, 7),
(1263, 'support', 1419315579, 4624, 6, 13),
(1264, 'marketing', 1410784833, 2499, 6, 9),
(1265, 'development', 1395067008, 5840, 6, 5),
(1266, 'support', 1407310163, 3343, 6, 11),
(1267, 'support', 1389174508, 378, 6, 15),
(1268, 'marketing', 1393597252, 2447, 6, 2),
(1269, 'documents', 1419932549, 3151, 6, 9),
(1270, 'marketing', 1402489902, 1013, 6, 15),
(1271, 'support', 1401445576, 2261, 6, 8),
(1272, 'negotiations', 1397129671, 5949, 6, 5),
(1273, 'documents', 1418105701, 3679, 6, 1),
(1274, 'support', 1389349685, 3295, 6, 9),
(1275, 'development', 1415170038, 5166, 6, 1),
(1276, 'support', 1418029662, 1380, 6, 14),
(1277, 'negotiations', 1414396178, 1677, 6, 9),
(1278, 'development', 1392816654, 3012, 6, 12),
(1279, 'support', 1390200546, 1174, 6, 4),
(1280, 'documents', 1394178609, 2856, 6, 16),
(1281, 'negotiations', 1416984374, 4836, 6, 11),
(1282, 'negotiations', 1411396028, 2872, 6, 5),
(1283, 'documents', 1393412449, 4507, 6, 0),
(1284, 'development', 1404286912, 520, 6, 5),
(1285, 'negotiations', 1398849681, 5364, 6, 11),
(1286, 'marketing', 1418296278, 5475, 6, 3),
(1287, 'development', 1406880883, 1833, 6, 7),
(1288, 'negotiations', 1407155199, 5367, 6, 10),
(1289, 'negotiations', 1388732715, 4768, 6, 13),
(1290, 'negotiations', 1392042794, 5225, 6, 2),
(1291, 'support', 1405082910, 4534, 6, 2),
(1292, 'documents', 1410960972, 3208, 6, 0),
(1293, 'support', 1409058086, 1437, 6, 5),
(1294, 'marketing', 1406713406, 4056, 6, 8),
(1295, 'documents', 1401865232, 3047, 6, 5),
(1296, 'documents', 1401103884, 5060, 6, 11),
(1297, 'documents', 1415714820, 3963, 6, 17),
(1298, 'documents', 1389706777, 5075, 6, 14),
(1299, 'negotiations', 1406552666, 2225, 6, 6),
(1300, 'support', 1404213762, 2998, 6, 9),
(1301, 'development', 1389613413, 2612, 6, 7),
(1302, 'negotiations', 1407499778, 1645, 6, 16),
(1303, 'documents', 1404802819, 2846, 6, 17),
(1304, 'marketing', 1390546088, 945, 6, 7),
(1305, 'marketing', 1415860160, 1214, 6, 11),
(1306, 'negotiations', 1389860779, 5258, 6, 0),
(1307, 'marketing', 1402906670, 2721, 6, 2),
(1308, 'documents', 1399642791, 4600, 6, 0),
(1309, 'documents', 1394607889, 4365, 6, 1),
(1310, 'negotiations', 1394715691, 2214, 6, 1),
(1311, 'documents', 1413267152, 3394, 6, 6),
(1312, 'development', 1410337264, 3034, 6, 6),
(1313, 'support', 1412600131, 5663, 6, 16),
(1314, 'development', 1412057274, 2450, 6, 12),
(1315, 'negotiations', 1401877744, 2848, 6, 3),
(1316, 'marketing', 1390563413, 1108, 6, 9),
(1317, 'support', 1411719432, 2118, 6, 3),
(1318, 'support', 1409548967, 4161, 6, 3),
(1319, 'documents', 1414412541, 4048, 6, 13),
(1320, 'development', 1404139648, 1983, 6, 16),
(1321, 'development', 1395382712, 5646, 6, 9),
(1322, 'marketing', 1400233773, 5732, 6, 3),
(1323, 'support', 1393494263, 4961, 6, 6),
(1324, 'documents', 1410183262, 2851, 6, 2),
(1325, 'negotiations', 1392183321, 2114, 6, 10),
(1326, 'negotiations', 1415021811, 3136, 6, 15),
(1327, 'documents', 1398949782, 3773, 6, 16),
(1328, 'support', 1396944869, 2308, 6, 4),
(1329, 'development', 1412840759, 961, 6, 11),
(1330, 'documents', 1412584730, 1084, 6, 8),
(1331, 'documents', 1401193398, 4953, 6, 12),
(1332, 'support', 1404225312, 5007, 6, 10),
(1333, 'support', 1398429063, 1085, 6, 0),
(1334, 'negotiations', 1400044159, 1729, 6, 15),
(1335, 'negotiations', 1396875568, 1655, 6, 14),
(1336, 'support', 1417015174, 2592, 6, 8),
(1337, 'documents', 1419842073, 5466, 6, 12),
(1338, 'documents', 1415083412, 4350, 6, 10),
(1339, 'support', 1407389089, 4719, 6, 8),
(1340, 'development', 1395912093, 5565, 6, 17),
(1341, 'support', 1390291022, 4560, 6, 1),
(1342, 'development', 1403874957, 4874, 6, 3),
(1343, 'negotiations', 1411621256, 4994, 6, 11),
(1344, 'negotiations', 1393328711, 2768, 6, 0),
(1345, 'documents', 1408344864, 1370, 6, 10),
(1346, 'development', 1401771868, 584, 6, 16),
(1347, 'documents', 1417535893, 5280, 6, 7),
(1348, 'development', 1399375213, 2713, 6, 13),
(1349, 'support', 1400058596, 2815, 6, 8),
(1350, 'development', 1389675977, 1617, 6, 17),
(1351, 'negotiations', 1411543292, 1409, 6, 11),
(1352, 'marketing', 1412324852, 4337, 6, 16),
(1353, 'development', 1414769633, 5828, 6, 0),
(1354, 'marketing', 1392372936, 416, 6, 16),
(1355, 'development', 1389258246, 2117, 6, 14),
(1356, 'documents', 1401283874, 2638, 6, 9),
(1357, 'development', 1417606157, 3725, 6, 11),
(1358, 'documents', 1404830732, 1525, 6, 5),
(1359, 'documents', 1408107124, 5149, 6, 6),
(1360, 'negotiations', 1413539543, 5643, 6, 14),
(1361, 'support', 1418627382, 4159, 6, 15),
(1362, 'development', 1390826179, 2633, 6, 10),
(1363, 'documents', 1413373990, 3450, 6, 8),
(1364, 'marketing', 1409132199, 2452, 6, 16),
(1365, 'negotiations', 1398928607, 1040, 6, 8),
(1366, 'marketing', 1409837721, 3080, 6, 16),
(1367, 'support', 1406876070, 1471, 6, 4),
(1368, 'development', 1392365236, 977, 6, 3),
(1369, 'support', 1399973895, 3284, 6, 11),
(1370, 'development', 1396448213, 1430, 6, 5),
(1371, 'documents', 1392994719, 5006, 6, 16),
(1372, 'marketing', 1398350137, 5409, 6, 3),
(1373, 'development', 1414503980, 5226, 6, 8),
(1374, 'documents', 1392030282, 5424, 6, 3),
(1375, 'development', 1402577491, 5322, 6, 3),
(1376, 'negotiations', 1405594004, 796, 6, 12),
(1377, 'negotiations', 1408340051, 1008, 6, 7),
(1378, 'marketing', 1397211485, 702, 6, 11),
(1379, 'support', 1405607479, 4091, 6, 7),
(1380, 'marketing', 1404734481, 5686, 6, 7),
(1381, 'marketing', 1417596532, 3001, 6, 4),
(1382, 'documents', 1388652826, 5599, 6, 1),
(1383, 'documents', 1395125721, 2275, 6, 8),
(1384, 'negotiations', 1389105207, 5426, 6, 7),
(1385, 'documents', 1413295064, 2074, 6, 12),
(1386, 'support', 1413355703, 5495, 6, 9),
(1387, 'support', 1396962194, 2471, 6, 6),
(1388, 'development', 1394807129, 3392, 6, 14),
(1389, 'marketing', 1399992183, 1240, 6, 10),
(1390, 'support', 1392118833, 1824, 6, 7),
(1391, 'documents', 1408598005, 2171, 6, 4),
(1392, 'marketing', 1404221462, 2437, 6, 4),
(1393, 'development', 1403762343, 963, 6, 0),
(1394, 'documents', 1411135187, 2632, 6, 16),
(1395, 'marketing', 1389970505, 4392, 6, 12),
(1396, 'negotiations', 1407827032, 3460, 6, 3),
(1397, 'documents', 1405496790, 1464, 6, 16),
(1398, 'marketing', 1406617155, 2516, 6, 9),
(1399, 'marketing', 1391166908, 2042, 6, 10),
(1400, 'marketing', 1418831435, 3548, 6, 12),
(1401, 'marketing', 1413548205, 2874, 6, 5),
(1402, 'support', 1390454649, 5468, 6, 13),
(1403, 'marketing', 1402377288, 2802, 6, 12),
(1404, 'documents', 1395227747, 1969, 6, 7),
(1405, 'development', 1400829569, 1526, 6, 9),
(1406, 'negotiations', 1418197139, 4857, 6, 14),
(1407, 'negotiations', 1399035446, 1096, 6, 10),
(1408, 'development', 1392714628, 3318, 6, 13),
(1409, 'documents', 1406189799, 2291, 6, 0),
(1410, 'negotiations', 1398686054, 4456, 6, 0),
(1411, 'documents', 1400754493, 2719, 6, 1),
(1412, 'documents', 1388579675, 2376, 6, 5),
(1413, 'negotiations', 1414147850, 1238, 6, 0),
(1414, 'negotiations', 1389087882, 5263, 6, 5),
(1415, 'negotiations', 1417435792, 1170, 6, 2),
(1416, 'documents', 1391759816, 4460, 6, 7),
(1417, 'documents', 1409635593, 4977, 6, 12),
(1418, 'negotiations', 1400247249, 3326, 6, 16),
(1419, 'documents', 1406027135, 4876, 6, 4),
(1420, 'documents', 1406544966, 2786, 6, 11),
(1421, 'negotiations', 1417532043, 2710, 6, 0),
(1422, 'documents', 1392374861, 1701, 6, 10),
(1423, 'development', 1415288427, 1530, 6, 5),
(1424, 'marketing', 1405416902, 2295, 6, 5),
(1425, 'support', 1394170909, 3417, 6, 3),
(1426, 'marketing', 1401097147, 3413, 6, 13),
(1427, 'documents', 1416904485, 5667, 6, 17),
(1428, 'support', 1410439291, 2729, 6, 5),
(1429, 'marketing', 1414489542, 4140, 6, 16),
(1430, 'development', 1402042334, 1548, 6, 12),
(1431, 'marketing', 1412335440, 2853, 6, 3),
(1432, 'support', 1412239189, 1313, 6, 4),
(1433, 'documents', 1403703630, 4527, 6, 15),
(1434, 'documents', 1407487266, 1844, 6, 0),
(1435, 'marketing', 1416576269, 358, 6, 15),
(1436, 'negotiations', 1391078357, 5642, 6, 7),
(1437, 'marketing', 1407334226, 5153, 6, 11),
(1438, 'support', 1389084994, 485, 6, 14),
(1439, 'support', 1418125913, 2920, 6, 12),
(1440, 'marketing', 1406099323, 4606, 6, 2),
(1441, 'negotiations', 1401956670, 4225, 6, 0),
(1442, 'development', 1392207384, 3925, 6, 10),
(1443, 'support', 1404980884, 4840, 6, 3),
(1444, 'negotiations', 1417097950, 838, 6, 11),
(1445, 'documents', 1390462349, 4907, 6, 7),
(1446, 'development', 1394457737, 1051, 6, 3),
(1447, 'support', 1391160171, 395, 6, 13),
(1448, 'support', 1400492689, 4687, 6, 15),
(1449, 'support', 1414674345, 2080, 6, 17),
(1450, 'support', 1407152311, 589, 6, 0),
(1451, 'development', 1394203634, 2458, 6, 12),
(1452, 'documents', 1402930733, 4532, 6, 1),
(1453, 'support', 1393314273, 1682, 6, 8),
(1454, 'support', 1411375815, 3632, 6, 11),
(1455, 'documents', 1389272684, 3203, 6, 7),
(1456, 'marketing', 1404807632, 3208, 6, 3),
(1457, 'support', 1395293198, 5753, 6, 8),
(1458, 'documents', 1393592439, 2085, 6, 16),
(1459, 'marketing', 1413193038, 2379, 6, 13),
(1460, 'support', 1396510776, 436, 6, 15),
(1461, 'development', 1409581692, 3202, 6, 13),
(1462, 'support', 1407738481, 1359, 6, 0),
(1463, 'documents', 1393931243, 5910, 6, 4),
(1464, 'development', 1415108438, 3952, 6, 6),
(1465, 'development', 1401951858, 3863, 6, 14),
(1466, 'negotiations', 1415264365, 5421, 6, 5),
(1467, 'support', 1408009910, 5816, 6, 11),
(1468, 'negotiations', 1400479214, 1393, 6, 2),
(1469, 'support', 1404124248, 3105, 6, 8),
(1470, 'documents', 1393925468, 2055, 6, 4),
(1471, 'support', 1420025913, 5614, 6, 16),
(1472, 'negotiations', 1403513053, 2732, 6, 12),
(1473, 'support', 1401693904, 2700, 6, 17),
(1474, 'marketing', 1389334285, 4416, 6, 2),
(1475, 'documents', 1403674755, 2355, 6, 12),
(1476, 'support', 1404134836, 1621, 6, 12),
(1477, 'marketing', 1405072322, 317, 6, 16),
(1478, 'marketing', 1413446179, 3180, 6, 7),
(1479, 'marketing', 1398322224, 1029, 6, 15),
(1480, 'support', 1412679057, 1339, 6, 12),
(1481, 'support', 1399370400, 2351, 6, 10),
(1482, 'documents', 1409748207, 3187, 6, 15),
(1483, 'documents', 1413211326, 335, 6, 12),
(1484, 'documents', 1405434227, 2459, 6, 7),
(1485, 'support', 1418019075, 2863, 6, 10),
(1486, 'development', 1394631952, 475, 6, 1),
(1487, 'documents', 1390377648, 5376, 6, 10),
(1488, 'support', 1405934733, 5906, 6, 12),
(1489, 'development', 1411031236, 1653, 6, 5),
(1490, 'development', 1403615079, 2426, 6, 11),
(1491, 'support', 1407130174, 5765, 6, 13),
(1492, 'marketing', 1394713766, 929, 6, 7),
(1493, 'marketing', 1418307828, 1783, 6, 5),
(1494, 'documents', 1404120398, 535, 6, 2),
(1495, 'support', 1388639351, 2305, 6, 6),
(1496, 'development', 1394779217, 4712, 6, 8),
(1497, 'support', 1406012697, 3790, 6, 11),
(1498, 'support', 1410501854, 1734, 6, 15),
(1499, 'support', 1389789553, 3321, 6, 17),
(1500, 'development', 1414053524, 983, 6, 14),
(1501, 'marketing', 1391161133, 3888, 6, 10),
(1502, 'development', 1400569690, 4779, 6, 17),
(1503, 'negotiations', 1396858243, 1492, 6, 13),
(1504, 'documents', 1389616301, 1689, 6, 16),
(1505, 'development', 1417673533, 3093, 6, 6),
(1506, 'documents', 1413554943, 4521, 6, 3),
(1507, 'support', 1407490153, 921, 6, 9),
(1508, 'support', 1392642439, 3588, 6, 14),
(1509, 'documents', 1415009299, 3335, 6, 17),
(1510, 'negotiations', 1417689895, 5464, 6, 11),
(1511, 'development', 1394108346, 4411, 6, 11),
(1512, 'support', 1399899782, 2270, 6, 0),
(1513, 'documents', 1390219796, 2622, 6, 0),
(1514, 'negotiations', 1416838072, 4091, 6, 1),
(1515, 'marketing', 1408456515, 1788, 6, 16),
(1516, 'negotiations', 1406287013, 1623, 6, 13),
(1517, 'documents', 1391601964, 1706, 6, 15),
(1518, 'support', 1413383616, 4175, 6, 15),
(1519, 'development', 1414041974, 4675, 6, 13),
(1520, 'documents', 1404278250, 3289, 6, 13),
(1521, 'negotiations', 1407160974, 3521, 6, 10),
(1522, 'development', 1418892073, 1268, 6, 10),
(1523, 'documents', 1416926623, 491, 6, 5),
(1524, 'development', 1407839545, 3262, 6, 1),
(1525, 'documents', 1414411579, 555, 6, 16),
(1526, 'documents', 1407238937, 1405, 6, 10),
(1527, 'documents', 1412951448, 3588, 6, 2),
(1528, 'marketing', 1391171721, 2404, 6, 14),
(1529, 'documents', 1399637016, 745, 6, 17),
(1530, 'negotiations', 1399982558, 516, 6, 3),
(1531, 'development', 1420020137, 1759, 6, 16),
(1532, 'documents', 1404893295, 531, 6, 15),
(1533, 'support', 1398343399, 3762, 6, 6),
(1534, 'development', 1397468476, 4072, 6, 12),
(1535, 'negotiations', 1411384478, 863, 6, 3),
(1536, 'marketing', 1418741921, 3655, 6, 12),
(1537, 'support', 1389360273, 1811, 6, 13),
(1538, 'marketing', 1410333414, 464, 6, 0),
(1539, 'development', 1416478092, 3234, 6, 5),
(1540, 'marketing', 1399872831, 1382, 6, 9),
(1541, 'negotiations', 1394540514, 4998, 6, 6),
(1542, 'negotiations', 1401702567, 5632, 6, 9),
(1543, 'support', 1417071963, 3444, 6, 17),
(1544, 'negotiations', 1400163510, 1587, 6, 16),
(1545, 'development', 1390909917, 4372, 6, 10),
(1546, 'negotiations', 1405678705, 327, 6, 9),
(1547, 'marketing', 1393834030, 877, 6, 9),
(1548, 'negotiations', 1408604742, 3818, 6, 2),
(1549, 'support', 1419236653, 3247, 6, 16),
(1550, 'documents', 1390203433, 5952, 6, 13),
(1551, 'documents', 1407820295, 1813, 6, 5),
(1552, 'development', 1401872932, 2486, 6, 0),
(1553, 'documents', 1411107274, 3953, 6, 10),
(1554, 'development', 1390374761, 598, 6, 1),
(1555, 'development', 1404291725, 882, 6, 8),
(1556, 'development', 1410771357, 4906, 6, 13),
(1557, 'documents', 1415889997, 1179, 6, 12),
(1558, 'support', 1391075469, 864, 6, 16),
(1559, 'marketing', 1395637777, 2031, 6, 15),
(1560, 'documents', 1391578863, 3389, 6, 12),
(1561, 'negotiations', 1395218122, 1245, 6, 0),
(1562, 'support', 1391780028, 3700, 6, 1),
(1563, 'development', 1414588681, 4757, 6, 5),
(1564, 'development', 1392731953, 3481, 6, 15),
(1565, 'development', 1398071971, 5006, 6, 13),
(1566, 'marketing', 1418713046, 1482, 6, 9),
(1567, 'marketing', 1401892182, 3934, 6, 14),
(1568, 'negotiations', 1410267964, 2382, 6, 17),
(1569, 'development', 1410252563, 3504, 6, 9),
(1570, 'marketing', 1412228601, 2797, 6, 0),
(1571, 'support', 1406114723, 3484, 6, 10),
(1572, 'development', 1409548004, 668, 6, 6),
(1573, 'marketing', 1401344513, 359, 6, 7),
(1574, 'negotiations', 1414581943, 3110, 6, 7),
(1575, 'marketing', 1413807121, 1829, 6, 0),
(1576, 'negotiations', 1418213502, 1528, 6, 1),
(1577, 'negotiations', 1401087522, 2689, 6, 6),
(1578, 'marketing', 1396619540, 1777, 6, 11),
(1579, 'support', 1409300639, 3722, 6, 13),
(1580, 'negotiations', 1412145825, 4551, 6, 15),
(1581, 'development', 1406643142, 5611, 6, 3),
(1582, 'development', 1416495418, 3397, 6, 7),
(1583, 'development', 1395732104, 2286, 6, 1),
(1584, 'marketing', 1412605906, 3817, 6, 16),
(1585, 'documents', 1391410424, 2119, 6, 15),
(1586, 'marketing', 1411106312, 460, 6, 13),
(1587, 'support', 1413975561, 3099, 6, 15),
(1588, 'documents', 1391692440, 5092, 6, 12),
(1589, 'support', 1394198822, 2096, 6, 9),
(1590, 'documents', 1402637166, 5250, 6, 3),
(1591, 'negotiations', 1415275915, 1729, 6, 6),
(1592, 'marketing', 1409307376, 5369, 6, 10),
(1593, 'negotiations', 1419251090, 4333, 7, 9),
(1594, 'negotiations', 1399457989, 959, 7, 16),
(1595, 'support', 1390984993, 3179, 7, 0),
(1596, 'marketing', 1405580529, 3203, 7, 16),
(1597, 'documents', 1408524854, 4649, 7, 8),
(1598, 'development', 1390989806, 3541, 7, 4),
(1599, 'negotiations', 1399542690, 490, 7, 13),
(1600, 'development', 1403531340, 687, 7, 11),
(1601, 'development', 1403265687, 5786, 7, 1),
(1602, 'development', 1403677642, 1432, 7, 3),
(1603, 'marketing', 1410936910, 1398, 7, 1),
(1604, 'marketing', 1399552315, 1214, 7, 2),
(1605, 'development', 1389161995, 576, 7, 16),
(1606, 'documents', 1400595678, 2173, 7, 11),
(1607, 'documents', 1411017761, 4060, 7, 9),
(1608, 'development', 1418107626, 4964, 7, 13),
(1609, 'marketing', 1392964881, 5042, 7, 16),
(1610, 'documents', 1392887880, 4950, 7, 13),
(1611, 'support', 1390888742, 1639, 7, 2),
(1612, 'negotiations', 1397044970, 717, 7, 8),
(1613, 'development', 1398675466, 5940, 7, 14),
(1614, 'support', 1397824605, 2359, 7, 1),
(1615, 'development', 1405938583, 2775, 7, 0),
(1616, 'development', 1395647403, 2755, 7, 4),
(1617, 'development', 1395150746, 1878, 7, 5),
(1618, 'marketing', 1419232802, 677, 7, 10),
(1619, 'support', 1407400640, 1028, 7, 9),
(1620, 'documents', 1404808594, 1000, 7, 0),
(1621, 'documents', 1400155810, 2148, 7, 3),
(1622, 'marketing', 1394617515, 5090, 7, 8),
(1623, 'negotiations', 1395065083, 4555, 7, 11),
(1624, 'documents', 1403794106, 2212, 7, 12),
(1625, 'support', 1390917617, 3811, 7, 5),
(1626, 'negotiations', 1409811733, 5686, 7, 4),
(1627, 'marketing', 1395919794, 5004, 7, 12),
(1628, 'development', 1399363662, 704, 7, 12),
(1629, 'marketing', 1404389901, 3707, 7, 1),
(1630, 'marketing', 1394792692, 2305, 7, 3),
(1631, 'development', 1408544104, 396, 7, 4),
(1632, 'support', 1396251860, 1481, 7, 2),
(1633, 'support', 1409233263, 4354, 7, 0),
(1634, 'development', 1414668569, 3926, 7, 17),
(1635, 'support', 1395034282, 1097, 7, 14),
(1636, 'marketing', 1403617966, 1503, 7, 2),
(1637, 'documents', 1406100286, 2398, 7, 17),
(1638, 'development', 1409209200, 2544, 7, 0),
(1639, 'support', 1398845831, 2794, 7, 5),
(1640, 'documents', 1415257627, 3774, 7, 7),
(1641, 'marketing', 1398836206, 2070, 7, 16),
(1642, 'development', 1412948560, 4511, 7, 11),
(1643, 'negotiations', 1403698817, 4165, 7, 11),
(1644, 'negotiations', 1394778254, 1219, 7, 10),
(1645, 'documents', 1417096025, 5254, 7, 17),
(1646, 'support', 1419840148, 4181, 7, 0),
(1647, 'development', 1405600742, 2443, 7, 9),
(1648, 'support', 1403177136, 3685, 7, 16),
(1649, 'negotiations', 1406270650, 4953, 7, 9),
(1650, 'development', 1409293901, 2075, 7, 15),
(1651, 'support', 1389941630, 2219, 7, 9),
(1652, 'marketing', 1395057383, 5115, 7, 16),
(1653, 'negotiations', 1398149934, 2890, 7, 12),
(1654, 'documents', 1417445417, 1894, 7, 9),
(1655, 'documents', 1392217009, 4649, 7, 17),
(1656, 'support', 1393827292, 4931, 7, 11),
(1657, 'marketing', 1403257024, 2854, 7, 9),
(1658, 'marketing', 1413542430, 4720, 7, 5),
(1659, 'documents', 1399959457, 2198, 7, 0),
(1660, 'support', 1391689552, 314, 7, 3),
(1661, 'negotiations', 1398166297, 5261, 7, 17),
(1662, 'development', 1392387374, 1503, 7, 8),
(1663, 'development', 1397739904, 2828, 7, 4),
(1664, 'development', 1408003172, 4169, 7, 13),
(1665, 'development', 1403096285, 1023, 7, 7),
(1666, 'negotiations', 1398408850, 1845, 7, 7),
(1667, 'marketing', 1400752568, 1434, 7, 7),
(1668, 'marketing', 1405060772, 4008, 7, 15),
(1669, 'negotiations', 1416206664, 4478, 7, 12),
(1670, 'marketing', 1400831494, 2811, 7, 3),
(1671, 'marketing', 1414760008, 5104, 7, 11),
(1672, 'development', 1400480177, 4886, 7, 17),
(1673, 'development', 1404810519, 2285, 7, 12),
(1674, 'support', 1412937972, 5995, 7, 7),
(1675, 'negotiations', 1405407277, 1571, 7, 16),
(1676, 'negotiations', 1397552214, 5811, 7, 11),
(1677, 'marketing', 1406634480, 2679, 7, 11),
(1678, 'marketing', 1406008847, 1220, 7, 5),
(1679, 'documents', 1406629667, 2317, 7, 8),
(1680, 'documents', 1419926774, 4997, 7, 9),
(1681, 'documents', 1395667615, 1995, 7, 15),
(1682, 'marketing', 1402665079, 3930, 7, 9),
(1683, 'documents', 1412172775, 5438, 7, 6),
(1684, 'marketing', 1416323128, 5258, 7, 4),
(1685, 'negotiations', 1413459654, 773, 7, 2),
(1686, 'support', 1400853631, 3336, 7, 9),
(1687, 'development', 1401946083, 5709, 7, 14),
(1688, 'marketing', 1403707480, 1396, 7, 3),
(1689, 'negotiations', 1392707890, 1671, 7, 15),
(1690, 'documents', 1414592531, 1626, 7, 12),
(1691, 'support', 1408967609, 3752, 7, 7),
(1692, 'marketing', 1397121009, 3017, 7, 14),
(1693, 'negotiations', 1407133061, 4842, 7, 4),
(1694, 'development', 1394023644, 4880, 7, 14),
(1695, 'negotiations', 1390311235, 3800, 7, 12),
(1696, 'documents', 1400658241, 1179, 7, 3),
(1697, 'development', 1391603889, 2991, 7, 9),
(1698, 'support', 1415362541, 2545, 7, 15),
(1699, 'development', 1409136049, 5022, 7, 4),
(1700, 'marketing', 1419943137, 1667, 7, 14),
(1701, 'development', 1410325714, 1025, 7, 5),
(1702, 'documents', 1417423279, 1369, 7, 4),
(1703, 'development', 1403587166, 3747, 7, 5),
(1704, 'development', 1412074599, 2613, 7, 14),
(1705, 'support', 1414403879, 1116, 7, 3),
(1706, 'documents', 1390976331, 5948, 7, 8),
(1707, 'support', 1411448966, 1154, 7, 7),
(1708, 'marketing', 1403859557, 5996, 7, 13),
(1709, 'support', 1415628194, 3147, 7, 8),
(1710, 'negotiations', 1408103273, 2578, 7, 17),
(1711, 'documents', 1407154236, 1874, 7, 13),
(1712, 'documents', 1411389290, 1225, 7, 7),
(1713, 'marketing', 1417591719, 2639, 7, 0),
(1714, 'development', 1413382653, 682, 7, 0),
(1715, 'marketing', 1403521715, 5664, 7, 4),
(1716, 'development', 1390560525, 2031, 7, 0),
(1717, 'negotiations', 1393317160, 759, 7, 17),
(1718, 'negotiations', 1399441626, 4289, 7, 11),
(1719, 'negotiations', 1398770755, 3987, 7, 15),
(1720, 'documents', 1405953021, 3861, 7, 11),
(1721, 'support', 1392196796, 5408, 7, 6),
(1722, 'development', 1400739092, 3841, 7, 11),
(1723, 'support', 1399984483, 1801, 7, 15),
(1724, 'support', 1392614527, 4909, 7, 8),
(1725, 'development', 1412147750, 5836, 7, 10),
(1726, 'development', 1394017869, 1025, 7, 14),
(1727, 'negotiations', 1404916395, 4549, 7, 0),
(1728, 'development', 1404461127, 5645, 7, 2),
(1729, 'support', 1402905707, 4929, 7, 5),
(1730, 'marketing', 1415278802, 806, 7, 16),
(1731, 'support', 1402646792, 5974, 7, 10),
(1732, 'support', 1392620302, 3063, 7, 9),
(1733, 'negotiations', 1406292788, 5478, 7, 14),
(1734, 'documents', 1395300898, 5192, 7, 3),
(1735, 'marketing', 1390370911, 3729, 7, 13),
(1736, 'development', 1389354498, 3657, 7, 13),
(1737, 'development', 1395827392, 333, 7, 2),
(1738, 'development', 1394096795, 2402, 7, 10),
(1739, 'documents', 1418810260, 814, 7, 4),
(1740, 'documents', 1397117159, 447, 7, 7),
(1741, 'development', 1390814629, 624, 7, 9),
(1742, 'development', 1418998912, 1324, 7, 12),
(1743, 'marketing', 1411721357, 3403, 7, 15),
(1744, 'development', 1389698114, 2142, 7, 4),
(1745, 'negotiations', 1408943547, 1942, 7, 8),
(1746, 'negotiations', 1409129312, 3375, 7, 7),
(1747, 'marketing', 1389869442, 2489, 7, 10),
(1748, 'marketing', 1400747755, 1072, 7, 3),
(1749, 'support', 1406210974, 5024, 7, 8),
(1750, 'development', 1415615681, 3346, 7, 9),
(1751, 'marketing', 1395396187, 3239, 7, 4),
(1752, 'development', 1392112095, 5877, 7, 9),
(1753, 'support', 1398344362, 1554, 7, 3),
(1754, 'documents', 1413887972, 4491, 7, 9),
(1755, 'negotiations', 1402396538, 4251, 7, 8),
(1756, 'negotiations', 1411040861, 2377, 7, 12),
(1757, 'documents', 1392018731, 3414, 7, 2),
(1758, 'documents', 1401080784, 1042, 7, 9),
(1759, 'documents', 1389696189, 857, 7, 10),
(1760, 'negotiations', 1402638129, 3042, 7, 0),
(1761, 'marketing', 1391408499, 834, 7, 3),
(1762, 'support', 1395146896, 5008, 8, 17),
(1763, 'marketing', 1416582044, 4213, 8, 16),
(1764, 'marketing', 1394098720, 3687, 8, 4),
(1765, 'support', 1388565238, 1290, 8, 13),
(1766, 'documents', 1419492681, 3125, 8, 2),
(1767, 'documents', 1404797044, 4691, 8, 17),
(1768, 'documents', 1409060973, 514, 8, 14),
(1769, 'marketing', 1401779568, 5724, 8, 11),
(1770, 'negotiations', 1405334126, 4049, 8, 2),
(1771, 'marketing', 1413954385, 366, 8, 7),
(1772, 'marketing', 1403786406, 2773, 8, 17),
(1773, 'marketing', 1417619632, 1318, 8, 6),
(1774, 'marketing', 1405585341, 3565, 8, 2),
(1775, 'support', 1416993037, 2067, 8, 3),
(1776, 'documents', 1414073737, 5924, 8, 7),
(1777, 'development', 1406800994, 2664, 8, 14),
(1778, 'development', 1402549578, 941, 8, 15),
(1779, 'development', 1415947748, 5523, 8, 0),
(1780, 'development', 1407337114, 4230, 8, 2),
(1781, 'documents', 1418291466, 5113, 8, 0),
(1782, 'development', 1415181588, 1474, 8, 2),
(1783, 'documents', 1400488839, 2117, 8, 9),
(1784, 'support', 1393590514, 800, 8, 4),
(1785, 'documents', 1411051448, 893, 8, 16),
(1786, 'development', 1413359553, 2364, 8, 15),
(1787, 'support', 1396342336, 4867, 8, 0),
(1788, 'development', 1418299166, 4552, 8, 13),
(1789, 'documents', 1406190762, 5784, 8, 15),
(1790, 'development', 1394102570, 556, 8, 11),
(1791, 'negotiations', 1417430017, 3016, 8, 1),
(1792, 'negotiations', 1414768671, 2335, 8, 3),
(1793, 'negotiations', 1398409813, 5338, 8, 4),
(1794, 'marketing', 1415104588, 1382, 8, 0),
(1795, 'negotiations', 1412744507, 5122, 8, 13),
(1796, 'support', 1419936399, 5721, 8, 16),
(1797, 'marketing', 1407322676, 3144, 8, 9),
(1798, 'negotiations', 1403766193, 3533, 8, 6),
(1799, 'documents', 1402406164, 4975, 8, 15),
(1800, 'negotiations', 1419866136, 1575, 8, 11),
(1801, 'documents', 1411130374, 2270, 8, 12),
(1802, 'development', 1416393391, 3703, 8, 8),
(1803, 'support', 1388576788, 3299, 8, 14),
(1804, 'documents', 1389171620, 1301, 8, 5),
(1805, 'negotiations', 1388726940, 913, 8, 12),
(1806, 'negotiations', 1413184376, 5148, 8, 3),
(1807, 'development', 1389883879, 3576, 8, 3),
(1808, 'negotiations', 1419849773, 4905, 8, 7),
(1809, 'development', 1414070849, 1146, 8, 16),
(1810, 'support', 1407491116, 4414, 8, 6),
(1811, 'documents', 1398250036, 1299, 8, 17),
(1812, 'development', 1394541476, 2790, 8, 3),
(1813, 'development', 1406705706, 4617, 8, 13),
(1814, 'support', 1395913056, 3357, 8, 14),
(1815, 'development', 1407246638, 844, 8, 4),
(1816, 'marketing', 1398418475, 2569, 8, 14),
(1817, 'support', 1417511831, 3470, 8, 7),
(1818, 'support', 1418650483, 2477, 8, 17),
(1819, 'negotiations', 1396007382, 3612, 8, 0),
(1820, 'development', 1410269889, 3667, 8, 11),
(1821, 'marketing', 1401272324, 629, 8, 8),
(1822, 'support', 1390397861, 4616, 8, 4),
(1823, 'support', 1401259811, 828, 8, 10),
(1824, 'marketing', 1400843044, 4820, 8, 4),
(1825, 'negotiations', 1402046184, 4118, 8, 0),
(1826, 'documents', 1414158438, 5455, 8, 4),
(1827, 'development', 1396955457, 824, 8, 8),
(1828, 'documents', 1415172926, 4243, 8, 10),
(1829, 'negotiations', 1416319278, 2688, 8, 15),
(1830, 'support', 1406289900, 700, 8, 5),
(1831, 'support', 1389880029, 1006, 8, 15),
(1832, 'support', 1399877644, 1744, 8, 13),
(1833, 'marketing', 1390461387, 1414, 8, 10),
(1834, 'marketing', 1419412792, 3956, 8, 8),
(1835, 'development', 1391169796, 1119, 8, 2),
(1836, 'negotiations', 1399300137, 3906, 8, 5),
(1837, 'development', 1419500381, 2564, 8, 14),
(1838, 'negotiations', 1414739795, 5864, 8, 0),
(1839, 'development', 1417414617, 4138, 8, 12),
(1840, 'support', 1402641017, 2119, 8, 10),
(1841, 'development', 1397541627, 1594, 8, 7),
(1842, 'negotiations', 1415879410, 2663, 8, 7),
(1843, 'development', 1418373279, 5566, 8, 6),
(1844, 'documents', 1420017250, 2682, 8, 6),
(1845, 'documents', 1394432712, 1448, 8, 7),
(1846, 'development', 1390481599, 654, 8, 4),
(1847, 'development', 1410856058, 4437, 8, 10),
(1848, 'documents', 1418636045, 1390, 8, 7),
(1849, 'development', 1388755815, 3085, 8, 15),
(1850, 'marketing', 1409899321, 4294, 8, 10),
(1851, 'development', 1395219085, 4738, 8, 15),
(1852, 'support', 1402899932, 1074, 8, 4),
(1853, 'negotiations', 1418721708, 4414, 8, 1),
(1854, 'development', 1398855456, 3518, 8, 12),
(1855, 'documents', 1416916036, 1975, 8, 1),
(1856, 'negotiations', 1403597754, 2263, 8, 9),
(1857, 'negotiations', 1396441475, 5484, 8, 7),
(1858, 'support', 1394605002, 5288, 8, 10),
(1859, 'development', 1405605554, 2806, 8, 13),
(1860, 'support', 1390567263, 3678, 8, 16),
(1861, 'marketing', 1398751505, 2539, 8, 1),
(1862, 'marketing', 1388571975, 2937, 8, 10),
(1863, 'support', 1414579056, 4033, 8, 16),
(1864, 'development', 1406124348, 4208, 8, 17),
(1865, 'support', 1403848007, 3987, 8, 12),
(1866, 'negotiations', 1419426267, 1549, 8, 4),
(1867, 'negotiations', 1419607220, 2620, 8, 17),
(1868, 'support', 1408961834, 5598, 8, 7),
(1869, 'support', 1401873894, 5979, 8, 15),
(1870, 'documents', 1403511128, 1447, 8, 0),
(1871, 'documents', 1408096536, 931, 8, 2),
(1872, 'marketing', 1401795931, 2394, 8, 16),
(1873, 'development', 1408013760, 2685, 8, 17),
(1874, 'support', 1413964010, 1090, 8, 14),
(1875, 'negotiations', 1408954134, 458, 8, 12),
(1876, 'marketing', 1399270299, 3942, 8, 5),
(1877, 'marketing', 1403076072, 1783, 8, 14),
(1878, 'development', 1401173185, 5713, 8, 0),
(1879, 'support', 1392890768, 4027, 8, 5),
(1880, 'negotiations', 1389178358, 2948, 8, 3),
(1881, 'support', 1395811992, 1455, 8, 12),
(1882, 'support', 1418893036, 4761, 8, 7),
(1883, 'marketing', 1407829920, 2537, 8, 12),
(1884, 'support', 1419332904, 4787, 8, 15),
(1885, 'marketing', 1398694716, 1687, 8, 10),
(1886, 'negotiations', 1395042945, 4029, 8, 6),
(1887, 'marketing', 1413457729, 5189, 8, 8),
(1888, 'negotiations', 1396328861, 1573, 8, 4),
(1889, 'negotiations', 1413268114, 1186, 8, 3),
(1890, 'development', 1398663916, 3931, 8, 13),
(1891, 'documents', 1399614878, 5920, 8, 12),
(1892, 'development', 1399538840, 3621, 8, 7),
(1893, 'support', 1416411679, 1658, 8, 7),
(1894, 'marketing', 1420038425, 5415, 8, 15),
(1895, 'marketing', 1415093037, 5074, 8, 17),
(1896, 'documents', 1418370392, 788, 8, 14),
(1897, 'development', 1398342437, 5970, 8, 8),
(1898, 'documents', 1400579315, 5503, 8, 6),
(1899, 'negotiations', 1398319337, 1952, 8, 6),
(1900, 'marketing', 1411743495, 3928, 8, 3),
(1901, 'marketing', 1396016045, 843, 8, 10),
(1902, 'marketing', 1419835335, 3819, 8, 14),
(1903, 'development', 1417521456, 4194, 8, 14),
(1904, 'negotiations', 1399886307, 4677, 8, 5),
(1905, 'development', 1405520853, 3275, 8, 16),
(1906, 'documents', 1389949330, 1658, 8, 4),
(1907, 'development', 1418987362, 5016, 8, 11),
(1908, 'marketing', 1402298362, 1426, 8, 15),
(1909, 'support', 1413275814, 625, 8, 16),
(1910, 'marketing', 1407136911, 1711, 8, 11),
(1911, 'marketing', 1391064882, 2348, 8, 12),
(1912, 'documents', 1398774605, 856, 8, 3),
(1913, 'negotiations', 1416217252, 2994, 8, 16),
(1914, 'support', 1407495928, 4776, 8, 10),
(1915, 'support', 1397480988, 3874, 8, 10),
(1916, 'development', 1391434487, 3929, 8, 15),
(1917, 'support', 1392959106, 1187, 8, 15),
(1918, 'support', 1393319086, 2044, 8, 11),
(1919, 'marketing', 1409216900, 1983, 8, 13),
(1920, 'marketing', 1391674152, 1436, 8, 13),
(1921, 'development', 1394197859, 4304, 8, 12),
(1922, 'marketing', 1418623532, 1589, 8, 8),
(1923, 'documents', 1388737527, 5130, 8, 16),
(1924, 'negotiations', 1406551704, 4433, 8, 8),
(1925, 'marketing', 1406809657, 5596, 8, 6),
(1926, 'negotiations', 1401804593, 5326, 8, 8),
(1927, 'documents', 1412574143, 2568, 8, 4),
(1928, 'documents', 1394793654, 5799, 8, 0),
(1929, 'documents', 1397460776, 4633, 8, 17),
(1930, 'support', 1389676939, 5110, 8, 14),
(1931, 'support', 1410168825, 1765, 8, 9),
(1932, 'documents', 1415692682, 3437, 8, 12),
(1933, 'development', 1411988935, 5290, 8, 2),
(1934, 'development', 1417160514, 5545, 8, 3),
(1935, 'development', 1401196286, 4030, 8, 3),
(1936, 'marketing', 1411027386, 4784, 8, 16),
(1937, 'negotiations', 1390294872, 1429, 8, 8),
(1938, 'development', 1414679157, 2442, 8, 3),
(1939, 'development', 1396351962, 5591, 8, 7),
(1940, 'support', 1398067158, 4644, 8, 9),
(1941, 'development', 1392884030, 2380, 8, 7),
(1942, 'negotiations', 1403682455, 1794, 8, 6),
(1943, 'marketing', 1398688941, 3533, 8, 9),
(1944, 'marketing', 1410852208, 1867, 8, 4),
(1945, 'documents', 1390310272, 307, 8, 15),
(1946, 'negotiations', 1409140862, 5384, 8, 8),
(1947, 'marketing', 1413451954, 1334, 8, 7),
(1948, 'negotiations', 1418118213, 3481, 8, 17),
(1949, 'marketing', 1396879418, 4225, 8, 3),
(1950, 'development', 1393848467, 1963, 8, 2),
(1951, 'marketing', 1415081487, 3065, 8, 16),
(1952, 'support', 1412170850, 4153, 8, 12),
(1953, 'documents', 1395052570, 4753, 8, 13),
(1954, 'support', 1405410164, 648, 8, 7),
(1955, 'marketing', 1395841830, 1419, 8, 13),
(1956, 'negotiations', 1400856519, 2413, 8, 0),
(1957, 'documents', 1412251701, 1114, 8, 3),
(1958, 'support', 1410158237, 3248, 8, 5),
(1959, 'documents', 1396417412, 3674, 8, 8),
(1960, 'support', 1398930532, 2325, 8, 2),
(1961, 'negotiations', 1417610007, 594, 8, 17),
(1962, 'development', 1394440412, 888, 8, 2),
(1963, 'marketing', 1396433775, 344, 8, 12),
(1964, 'negotiations', 1408948359, 2304, 8, 11),
(1965, 'development', 1389873292, 5059, 8, 17),
(1966, 'support', 1390223646, 5192, 8, 6),
(1967, 'support', 1411111124, 822, 8, 16),
(1968, 'support', 1414736908, 1086, 8, 9),
(1969, 'marketing', 1417529156, 3633, 8, 9),
(1970, 'documents', 1394460625, 5829, 8, 13),
(1971, 'negotiations', 1418050837, 4113, 8, 4),
(1972, 'negotiations', 1390807891, 4678, 8, 11),
(1973, 'support', 1409582655, 994, 8, 10),
(1974, 'support', 1407823182, 890, 8, 15),
(1975, 'development', 1389094619, 1209, 8, 3),
(1976, 'development', 1413270039, 2471, 8, 15),
(1977, 'documents', 1409647143, 1285, 8, 14),
(1978, 'support', 1419930624, 1866, 8, 15),
(1979, 'development', 1399634128, 1668, 8, 8),
(1980, 'development', 1418040250, 5597, 8, 0),
(1981, 'support', 1404992434, 1148, 8, 5),
(1982, 'documents', 1392791629, 3410, 8, 15),
(1983, 'negotiations', 1415349066, 4952, 8, 2),
(1984, 'marketing', 1402387876, 1319, 8, 16),
(1985, 'support', 1399037371, 2381, 8, 4),
(1986, 'documents', 1404977996, 5762, 8, 12),
(1987, 'support', 1404450540, 1428, 8, 16),
(1988, 'support', 1412841721, 4455, 8, 8),
(1989, 'documents', 1412071711, 3536, 8, 4),
(1990, 'development', 1414148813, 4731, 9, 15),
(1991, 'development', 1403524603, 4741, 9, 14),
(1992, 'support', 1407485341, 559, 9, 6),
(1993, 'documents', 1392898468, 3466, 9, 0),
(1994, 'marketing', 1395130534, 2637, 9, 12),
(1995, 'negotiations', 1404460165, 2152, 9, 5),
(1996, 'development', 1402053884, 3557, 9, 13),
(1997, 'marketing', 1417602307, 1155, 9, 5),
(1998, 'development', 1420013400, 5813, 9, 0),
(1999, 'development', 1419320391, 4986, 9, 16),
(2000, 'documents', 1409213050, 5114, 9, 6),
(2001, 'support', 1417437717, 2455, 9, 14),
(2002, 'negotiations', 1418112438, 5326, 9, 17),
(2003, 'marketing', 1409826170, 1071, 9, 15),
(2004, 'negotiations', 1418907473, 5847, 9, 17),
(2005, 'development', 1416302915, 317, 9, 10),
(2006, 'negotiations', 1391524000, 3822, 9, 15),
(2007, 'development', 1402916295, 3445, 9, 9),
(2008, 'support', 1411708844, 3602, 9, 17),
(2009, 'development', 1404297500, 4737, 9, 9),
(2010, 'development', 1408944509, 5435, 9, 5),
(2011, 'marketing', 1395045832, 3106, 9, 15),
(2012, 'development', 1412767608, 3440, 9, 15),
(2013, 'documents', 1399445476, 1158, 9, 0),
(2014, 'support', 1402059659, 1711, 9, 14),
(2015, 'development', 1394773442, 857, 9, 7),
(2016, 'documents', 1397196085, 1823, 9, 4),
(2017, 'documents', 1397201860, 5678, 9, 4),
(2018, 'documents', 1390282359, 1628, 9, 9),
(2019, 'marketing', 1399298212, 2621, 9, 11),
(2020, 'development', 1397643653, 1288, 9, 6),
(2021, 'negotiations', 1392719440, 3680, 9, 16),
(2022, 'marketing', 1406555554, 1302, 9, 15),
(2023, 'marketing', 1419836298, 1611, 9, 11),
(2024, 'documents', 1414507830, 2095, 9, 15),
(2025, 'negotiations', 1410776170, 5268, 9, 17),
(2026, 'negotiations', 1411373890, 2347, 9, 17),
(2027, 'development', 1406891471, 349, 9, 12),
(2028, 'negotiations', 1412141012, 4189, 9, 12),
(2029, 'development', 1418655295, 2839, 9, 3),
(2030, 'marketing', 1395988132, 2164, 9, 4),
(2031, 'development', 1400744867, 1995, 9, 12),
(2032, 'documents', 1406901096, 1073, 9, 1),
(2033, 'documents', 1412246889, 752, 9, 17),
(2034, 'marketing', 1401863307, 1762, 9, 11),
(2035, 'marketing', 1405326426, 4610, 9, 7),
(2036, 'negotiations', 1415794709, 3132, 9, 10),
(2037, 'negotiations', 1405503528, 3111, 9, 14),
(2038, 'documents', 1391517263, 2175, 9, 0),
(2039, 'documents', 1401441726, 5392, 9, 2),
(2040, 'documents', 1391523038, 329, 9, 0),
(2041, 'support', 1395671465, 4565, 9, 3),
(2042, 'negotiations', 1409146637, 3538, 9, 8),
(2043, 'marketing', 1390376686, 1883, 9, 13),
(2044, 'support', 1403791219, 3135, 9, 3),
(2045, 'negotiations', 1397653278, 2013, 9, 13),
(2046, 'negotiations', 1391067769, 1425, 9, 3),
(2047, 'negotiations', 1416583969, 5498, 9, 10),
(2048, 'development', 1406107986, 1837, 9, 12),
(2049, 'marketing', 1390895480, 3286, 9, 0),
(2050, 'development', 1399549427, 2137, 9, 11),
(2051, 'marketing', 1407418927, 4684, 9, 8),
(2052, 'marketing', 1415002561, 1688, 9, 1),
(2053, 'development', 1405589192, 434, 9, 8),
(2054, 'marketing', 1415956411, 2754, 9, 10),
(2055, 'negotiations', 1416488680, 1750, 9, 9),
(2056, 'documents', 1392024507, 1569, 9, 3),
(2057, 'development', 1397660016, 3660, 9, 11),
(2058, 'support', 1413271002, 5964, 9, 12),
(2059, 'documents', 1396953532, 5240, 9, 14),
(2060, 'marketing', 1417534931, 1787, 9, 9),
(2061, 'negotiations', 1408525816, 2441, 9, 5),
(2062, 'documents', 1408090761, 2777, 9, 1),
(2063, 'development', 1393323898, 2406, 9, 15),
(2064, 'negotiations', 1416477130, 5442, 9, 8),
(2065, 'negotiations', 1399988333, 4371, 9, 3),
(2066, 'documents', 1414570393, 1101, 9, 6),
(2067, 'documents', 1407842433, 2339, 9, 11),
(2068, 'support', 1402465839, 4903, 9, 15),
(2069, 'documents', 1405603629, 1520, 9, 1),
(2070, 'development', 1407404490, 3598, 9, 15),
(2071, 'negotiations', 1392014881, 844, 9, 14),
(2072, 'support', 1413874497, 1197, 9, 13),
(2073, 'documents', 1408953172, 2666, 9, 15),
(2074, 'support', 1400571615, 363, 9, 12),
(2075, 'development', 1400846894, 1689, 9, 11),
(2076, 'documents', 1414056412, 5761, 9, 6),
(2077, 'support', 1410941722, 1760, 9, 4),
(2078, 'documents', 1398402113, 5899, 9, 9),
(2079, 'marketing', 1415256664, 5982, 9, 10),
(2080, 'marketing', 1407937721, 386, 9, 12),
(2081, 'marketing', 1416982449, 3551, 9, 17),
(2082, 'marketing', 1405490053, 5518, 9, 1),
(2083, 'marketing', 1390574001, 5325, 9, 13),
(2084, 'marketing', 1415787009, 3692, 9, 16),
(2085, 'support', 1414567506, 2024, 9, 15),
(2086, 'marketing', 1399276074, 2096, 9, 6),
(2087, 'negotiations', 1397811130, 4766, 9, 6),
(2088, 'documents', 1395221972, 3815, 9, 7),
(2089, 'negotiations', 1417096988, 3046, 9, 14),
(2090, 'development', 1409654843, 724, 9, 8),
(2091, 'documents', 1390570151, 2755, 9, 7),
(2092, 'support', 1397041120, 3848, 9, 2),
(2093, 'negotiations', 1397021870, 2399, 9, 6),
(2094, 'negotiations', 1411480729, 2403, 9, 2),
(2095, 'development', 1395737879, 440, 9, 1),
(2096, 'marketing', 1405066547, 2162, 9, 16),
(2097, 'documents', 1396947757, 1385, 9, 13),
(2098, 'development', 1411475916, 2041, 9, 16),
(2099, 'negotiations', 1413370140, 880, 9, 2),
(2100, 'negotiations', 1401183773, 4229, 9, 5),
(2101, 'negotiations', 1396621465, 3062, 9, 5),
(2102, 'negotiations', 1414666644, 2641, 9, 4),
(2103, 'development', 1393583776, 4854, 9, 6),
(2104, 'documents', 1415263402, 1928, 9, 8),
(2105, 'support', 1410857021, 2229, 9, 7),
(2106, 'marketing', 1418645670, 2114, 9, 14),
(2107, 'negotiations', 1419860360, 3421, 9, 11),
(2108, 'marketing', 1411540405, 2332, 9, 2),
(2109, 'development', 1391750191, 3735, 9, 0),
(2110, 'documents', 1418297241, 3267, 9, 1),
(2111, 'support', 1397638840, 926, 9, 3),
(2112, 'negotiations', 1392291122, 5663, 9, 10),
(2113, 'development', 1414144000, 4369, 9, 12),
(2114, 'documents', 1405507378, 5681, 9, 2),
(2115, 'support', 1410772320, 2698, 9, 10),
(2116, 'documents', 1389955105, 5513, 9, 5),
(2117, 'documents', 1414417354, 4410, 9, 17),
(2118, 'documents', 1419843035, 3258, 9, 9),
(2119, 'development', 1415029512, 2575, 9, 10),
(2120, 'support', 1412328702, 1206, 9, 5),
(2121, 'support', 1415368316, 699, 9, 16),
(2122, 'documents', 1396941982, 3231, 9, 13),
(2123, 'support', 1416823634, 3005, 9, 9),
(2124, 'documents', 1404205099, 5767, 9, 17),
(2125, 'documents', 1402378251, 594, 9, 9),
(2126, 'documents', 1410498966, 2657, 9, 5),
(2127, 'support', 1398863156, 2957, 9, 7),
(2128, 'negotiations', 1404995321, 5926, 9, 14),
(2129, 'negotiations', 1413555905, 2314, 9, 0),
(2130, 'documents', 1393852317, 4533, 9, 8),
(2131, 'support', 1414161326, 4532, 9, 14),
(2132, 'support', 1390466199, 1776, 9, 14),
(2133, 'support', 1397740867, 620, 9, 1),
(2134, 'documents', 1406703781, 3332, 9, 1),
(2135, 'development', 1411560617, 1572, 9, 13),
(2136, 'support', 1403773893, 2972, 9, 1),
(2137, 'development', 1408358339, 4664, 9, 6),
(2138, 'negotiations', 1416578194, 1643, 9, 10),
(2139, 'support', 1399009458, 3702, 9, 16),
(2140, 'documents', 1411649169, 3673, 9, 17),
(2141, 'support', 1418717858, 1844, 9, 12),
(2142, 'negotiations', 1393847505, 4171, 9, 4),
(2143, 'negotiations', 1405430377, 5590, 9, 0),
(2144, 'negotiations', 1408108086, 2941, 9, 3),
(2145, 'support', 1397464626, 1502, 9, 5),
(2146, 'marketing', 1402388838, 4812, 9, 13),
(2147, 'development', 1398229823, 2059, 9, 5),
(2148, 'negotiations', 1389618226, 2974, 9, 11),
(2149, 'marketing', 1416841922, 960, 9, 8),
(2150, 'documents', 1414750383, 4380, 9, 4),
(2151, 'marketing', 1406697043, 1685, 9, 3),
(2152, 'documents', 1403613154, 1141, 9, 17),
(2153, 'negotiations', 1398437726, 4017, 9, 10),
(2154, 'negotiations', 1392730991, 5689, 9, 0),
(2155, 'development', 1392128458, 2548, 9, 14),
(2156, 'marketing', 1407768319, 1324, 9, 0),
(2157, 'support', 1399894969, 1908, 9, 15),
(2158, 'marketing', 1410328602, 5803, 9, 14),
(2159, 'development', 1407241825, 482, 9, 1),
(2160, 'negotiations', 1398848718, 1871, 9, 14),
(2161, 'support', 1413547243, 5082, 9, 8),
(2162, 'marketing', 1412843646, 5740, 9, 3),
(2163, 'negotiations', 1405322576, 2040, 9, 1),
(2164, 'marketing', 1408444965, 5480, 9, 15),
(2165, 'negotiations', 1393942793, 2218, 9, 6),
(2166, 'development', 1397474251, 2227, 9, 12),
(2167, 'documents', 1403071260, 1421, 9, 10),
(2168, 'development', 1393510625, 1631, 9, 11),
(2169, 'negotiations', 1392386411, 3711, 9, 11),
(2170, 'development', 1410957122, 638, 9, 12),
(2171, 'negotiations', 1394721466, 368, 9, 1),
(2172, 'marketing', 1389169695, 5717, 9, 11),
(2173, 'development', 1406547854, 1863, 9, 2),
(2174, 'development', 1408442078, 702, 9, 5),
(2175, 'marketing', 1400053784, 2453, 9, 4),
(2176, 'negotiations', 1414576168, 4956, 9, 7),
(2177, 'documents', 1400483064, 3963, 9, 8),
(2178, 'documents', 1401200136, 899, 9, 9),
(2179, 'support', 1392710778, 748, 9, 7),
(2180, 'support', 1401264624, 1190, 9, 13),
(2181, 'negotiations', 1412321002, 1767, 9, 10),
(2182, 'marketing', 1399038333, 5874, 9, 1),
(2183, 'development', 1400654391, 4310, 9, 14),
(2184, 'negotiations', 1389939705, 934, 9, 15),
(2185, 'marketing', 1403087622, 3792, 9, 15),
(2186, 'marketing', 1402585191, 4761, 9, 16),
(2187, 'support', 1408618218, 1411, 9, 15),
(2188, 'documents', 1419520594, 1804, 9, 8),
(2189, 'support', 1392270910, 722, 9, 17),
(2190, 'documents', 1401796893, 5887, 9, 13),
(2191, 'support', 1407134986, 426, 9, 16),
(2192, 'negotiations', 1404465940, 306, 9, 6),
(2193, 'marketing', 1400673642, 5758, 9, 10),
(2194, 'marketing', 1418037362, 819, 9, 9),
(2195, 'documents', 1405682555, 2897, 9, 15),
(2196, 'development', 1400062446, 5385, 9, 14),
(2197, 'development', 1410432553, 1082, 9, 7),
(2198, 'marketing', 1393935093, 2779, 9, 11),
(2199, 'documents', 1411451854, 5932, 9, 17),
(2200, 'negotiations', 1402639092, 834, 9, 15),
(2201, 'development', 1396505001, 2282, 9, 14),
(2202, 'negotiations', 1410961935, 1000, 9, 15),
(2203, 'negotiations', 1393571264, 5053, 9, 8),
(2204, 'negotiations', 1406625817, 5448, 9, 1),
(2205, 'marketing', 1389096544, 2494, 9, 15),
(2206, 'documents', 1415365428, 1622, 9, 7),
(2207, 'support', 1418306866, 3991, 9, 8),
(2208, 'marketing', 1403261837, 3216, 9, 13),
(2209, 'negotiations', 1389189908, 4957, 9, 4),
(2210, 'support', 1418216390, 605, 9, 10),
(2211, 'development', 1394434637, 2733, 9, 1),
(2212, 'development', 1418379054, 3720, 9, 6),
(2213, 'negotiations', 1418637007, 4883, 9, 4),
(2214, 'development', 1399454139, 4090, 9, 10),
(2215, 'documents', 1398245223, 937, 9, 13),
(2216, 'documents', 1395813917, 2740, 9, 7),
(2217, 'documents', 1408631693, 4705, 9, 11),
(2218, 'development', 1417087363, 2322, 9, 7),
(2219, 'marketing', 1417760159, 3909, 9, 15),
(2220, 'negotiations', 1397715841, 1018, 9, 5),
(2221, 'marketing', 1405427489, 812, 9, 9),
(2222, 'marketing', 1417168214, 4984, 9, 15),
(2223, 'support', 1392631852, 5072, 9, 10),
(2224, 'documents', 1390456574, 1052, 9, 7),
(2225, 'marketing', 1396416450, 5882, 9, 11),
(2226, 'negotiations', 1400586053, 1449, 9, 4),
(2227, 'development', 1406299526, 1424, 9, 12),
(2228, 'marketing', 1399027746, 1657, 9, 15),
(2229, 'development', 1412085187, 1129, 9, 0),
(2230, 'documents', 1408970497, 2829, 9, 17),
(2231, 'development', 1396430888, 1267, 9, 3),
(2232, 'documents', 1398081596, 5730, 9, 2),
(2233, 'marketing', 1415871710, 3223, 9, 13),
(2234, 'documents', 1391765591, 2614, 9, 8),
(2235, 'development', 1388745227, 4569, 9, 11),
(2236, 'marketing', 1404711380, 1668, 9, 5),
(2237, 'negotiations', 1400755455, 511, 9, 16),
(2238, 'development', 1404370651, 2259, 9, 5),
(2239, 'development', 1413884122, 1921, 9, 2),
(2240, 'development', 1415344253, 4590, 9, 16),
(2241, 'negotiations', 1389014731, 2040, 9, 10),
(2242, 'documents', 1408084986, 4623, 9, 1),
(2243, 'support', 1418830472, 5756, 9, 15),
(2244, 'development', 1394626177, 2321, 9, 0),
(2245, 'marketing', 1402044259, 2833, 9, 6),
(2246, 'support', 1411742532, 435, 9, 5),
(2247, 'support', 1406728806, 2934, 9, 15),
(2248, 'negotiations', 1413956310, 1651, 9, 1),
(2249, 'development', 1412152562, 497, 9, 13),
(2250, 'marketing', 1409910871, 602, 9, 12),
(2251, 'marketing', 1389762603, 2433, 9, 8),
(2252, 'development', 1406875108, 3679, 9, 7),
(2253, 'documents', 1410420040, 1280, 9, 9),
(2254, 'marketing', 1397820755, 5490, 9, 13),
(2255, 'support', 1419242428, 1401, 9, 17),
(2256, 'marketing', 1404474602, 3238, 9, 16),
(2257, 'marketing', 1419000837, 2609, 9, 6),
(2258, 'development', 1413974598, 5307, 9, 0),
(2259, 'documents', 1398955557, 1927, 9, 17),
(2260, 'support', 1404287875, 4013, 9, 2),
(2261, 'support', 1417764971, 4271, 9, 1),
(2262, 'negotiations', 1395301861, 2984, 9, 0),
(2263, 'marketing', 1405574754, 5049, 9, 16),
(2264, 'development', 1392968731, 1911, 9, 4),
(2265, 'development', 1412593393, 4016, 9, 0),
(2266, 'marketing', 1403600641, 1340, 9, 1),
(2267, 'marketing', 1411038936, 1092, 9, 0),
(2268, 'marketing', 1406707631, 5902, 9, 7),
(2269, 'negotiations', 1401082709, 2327, 9, 3),
(2270, 'development', 1398748617, 3462, 9, 10),
(2271, 'negotiations', 1411131337, 5763, 9, 9),
(2272, 'support', 1403785444, 4981, 9, 2),
(2273, 'negotiations', 1399289549, 5390, 9, 1),
(2274, 'development', 1407477641, 1119, 9, 11),
(2275, 'development', 1406287975, 5116, 9, 10),
(2276, 'support', 1412058236, 5943, 9, 9),
(2277, 'marketing', 1405946284, 2214, 9, 13),
(2278, 'development', 1403880732, 3028, 9, 3),
(2279, 'support', 1417782297, 4434, 9, 3),
(2280, 'support', 1394717616, 3499, 9, 13),
(2281, 'documents', 1396592590, 890, 9, 2),
(2282, 'development', 1407743294, 1721, 9, 3),
(2283, 'documents', 1400218373, 1153, 9, 13),
(2284, 'marketing', 1399269336, 449, 9, 8),
(2285, 'negotiations', 1394630990, 2683, 9, 4),
(2286, 'development', 1389269797, 4126, 9, 16),
(2287, 'negotiations', 1405497753, 4957, 9, 13),
(2288, 'negotiations', 1396526176, 5015, 9, 4),
(2289, 'documents', 1390214984, 2260, 9, 14),
(2290, 'marketing', 1408703881, 4435, 9, 9),
(2291, 'documents', 1390885855, 2562, 9, 11),
(2292, 'support', 1397735092, 2466, 9, 1),
(2293, 'marketing', 1400826681, 2449, 9, 0),
(2294, 'support', 1418887261, 906, 9, 6),
(2295, 'documents', 1413453879, 2619, 9, 1);
INSERT INTO `activities` (`id`, `action`, `created_at`, `duration`, `contact_id`, `employee_id`) VALUES
(2296, 'development', 1389782816, 1673, 9, 1),
(2297, 'negotiations', 1409044610, 3844, 9, 10),
(2298, 'negotiations', 1410257376, 3866, 9, 13),
(2299, 'support', 1414657982, 5410, 9, 12),
(2300, 'development', 1414065074, 2992, 9, 15),
(2301, 'development', 1393420149, 3946, 9, 13),
(2302, 'development', 1404827844, 2448, 9, 14),
(2303, 'documents', 1397726429, 5235, 9, 9),
(2304, 'documents', 1402897045, 1997, 9, 13),
(2305, 'development', 1412598206, 4378, 9, 3),
(2306, 'negotiations', 1415027587, 1290, 9, 16),
(2307, 'development', 1410156312, 1963, 9, 11),
(2308, 'support', 1396877493, 2940, 9, 9),
(2309, 'documents', 1416555093, 3326, 9, 7),
(2310, 'support', 1415356766, 4391, 9, 15),
(2311, 'support', 1407327489, 3506, 9, 13),
(2312, 'documents', 1403680530, 509, 9, 12),
(2313, 'development', 1415626269, 1862, 9, 13),
(2314, 'negotiations', 1411114012, 5600, 9, 8),
(2315, 'documents', 1397804393, 3119, 9, 8),
(2316, 'marketing', 1415803371, 363, 9, 2),
(2317, 'marketing', 1410847396, 1505, 9, 0),
(2318, 'development', 1409029210, 4966, 9, 2),
(2319, 'documents', 1391093757, 4520, 9, 15),
(2320, 'negotiations', 1411125562, 1908, 9, 9),
(2321, 'documents', 1406184987, 1929, 9, 14),
(2322, 'development', 1411995673, 1236, 9, 17),
(2323, 'development', 1398326074, 3599, 9, 4),
(2324, 'documents', 1412860971, 5903, 9, 4),
(2325, 'support', 1397120046, 5225, 9, 16),
(2326, 'development', 1393408599, 1937, 9, 12),
(2327, 'support', 1392038944, 2655, 9, 13),
(2328, 'documents', 1393406674, 652, 9, 0),
(2329, 'development', 1415688832, 867, 9, 5),
(2330, 'marketing', 1391685702, 3445, 9, 15),
(2331, 'negotiations', 1389866554, 3412, 9, 1),
(2332, 'development', 1402910520, 5291, 9, 8),
(2333, 'marketing', 1410435441, 5860, 9, 16),
(2334, 'development', 1393244972, 1029, 9, 0),
(2335, 'negotiations', 1404392789, 2784, 9, 10),
(2336, 'development', 1409727994, 3947, 9, 4),
(2337, 'support', 1413981336, 1253, 9, 16),
(2338, 'negotiations', 1396266298, 2567, 9, 13),
(2339, 'marketing', 1401176073, 4790, 9, 10),
(2340, 'negotiations', 1391180383, 5336, 9, 6),
(2341, 'development', 1395901506, 1348, 9, 13),
(2342, 'negotiations', 1415721558, 5610, 9, 15),
(2343, 'negotiations', 1403016396, 1855, 9, 13),
(2344, 'negotiations', 1415287465, 3738, 9, 7),
(2345, 'development', 1400576428, 725, 9, 15),
(2346, 'documents', 1403872070, 5797, 9, 11),
(2347, 'documents', 1413284477, 3557, 9, 7),
(2348, 'negotiations', 1406196537, 3938, 9, 16),
(2349, 'documents', 1392628002, 2502, 9, 4),
(2350, 'negotiations', 1401099072, 4698, 9, 8),
(2351, 'marketing', 1392288235, 885, 9, 1),
(2352, 'support', 1406611380, 4362, 9, 9),
(2353, 'negotiations', 1409732807, 4309, 9, 8),
(2354, 'negotiations', 1418986399, 1523, 9, 14),
(2355, 'development', 1399639903, 5523, 9, 8),
(2356, 'negotiations', 1405401502, 3417, 9, 15),
(2357, 'marketing', 1403166548, 5169, 9, 11),
(2358, 'negotiations', 1395832205, 695, 9, 6),
(2359, 'marketing', 1409561480, 3962, 9, 2),
(2360, 'documents', 1407481491, 3690, 9, 17),
(2361, 'marketing', 1407914621, 2068, 9, 9),
(2362, 'documents', 1395898618, 2271, 9, 4),
(2363, 'documents', 1403184836, 3124, 9, 10),
(2364, 'documents', 1410341114, 5605, 9, 12),
(2365, 'documents', 1406883770, 910, 9, 17),
(2366, 'documents', 1399378100, 1790, 9, 5),
(2367, 'marketing', 1407333264, 1660, 9, 14),
(2368, 'negotiations', 1411627993, 940, 9, 8),
(2369, 'documents', 1411981235, 5851, 9, 7),
(2370, 'support', 1413439441, 1533, 9, 9),
(2371, 'documents', 1394026532, 3957, 9, 5),
(2372, 'negotiations', 1406208087, 5947, 9, 17),
(2373, 'negotiations', 1400682304, 2989, 9, 2),
(2374, 'support', 1390314122, 2877, 9, 4),
(2375, 'documents', 1394117008, 1642, 9, 3),
(2376, 'negotiations', 1392189096, 5969, 9, 11),
(2377, 'marketing', 1394786917, 4151, 9, 2),
(2378, 'marketing', 1411569280, 4504, 9, 5),
(2379, 'development', 1406113761, 5692, 9, 13),
(2380, 'documents', 1398419438, 361, 9, 11),
(2381, 'support', 1412075561, 405, 9, 11),
(2382, 'documents', 1398673541, 4655, 9, 2),
(2383, 'documents', 1413537618, 4358, 9, 1),
(2384, 'support', 1409306414, 1876, 9, 13),
(2385, 'development', 1410765582, 1051, 9, 13),
(2386, 'negotiations', 1408959909, 4313, 9, 13),
(2387, 'development', 1417081588, 4168, 9, 6),
(2388, 'marketing', 1399557127, 1576, 9, 6),
(2389, 'negotiations', 1417616744, 2241, 9, 15),
(2390, 'support', 1415097850, 5436, 9, 2),
(2391, 'negotiations', 1389099432, 1571, 9, 7),
(2392, 'support', 1414675307, 5573, 9, 14),
(2393, 'negotiations', 1389184133, 1102, 9, 4),
(2394, 'support', 1389000293, 954, 9, 17),
(2395, 'documents', 1389341022, 362, 9, 17),
(2396, 'negotiations', 1407318826, 574, 9, 3),
(2397, 'negotiations', 1409580730, 5410, 9, 16),
(2398, 'documents', 1400506164, 2280, 9, 11),
(2399, 'development', 1414391366, 1315, 9, 5),
(2400, 'documents', 1395656065, 5687, 9, 14),
(2401, 'support', 1401772830, 4077, 9, 13),
(2402, 'negotiations', 1407409302, 3960, 9, 1),
(2403, 'support', 1391081245, 4719, 9, 16),
(2404, 'documents', 1397111384, 2292, 9, 7),
(2405, 'negotiations', 1390802116, 823, 9, 11),
(2406, 'support', 1394114121, 2565, 9, 12),
(2407, 'support', 1414669532, 1718, 9, 14),
(2408, 'documents', 1400664016, 5034, 9, 3),
(2409, 'documents', 1400596641, 5666, 9, 8),
(2410, 'negotiations', 1410787720, 1577, 9, 0),
(2411, 'marketing', 1401869082, 5617, 9, 11),
(2412, 'support', 1407998360, 3807, 9, 9),
(2413, 'documents', 1407994510, 1237, 9, 3),
(2414, 'development', 1391593301, 4475, 9, 5),
(2415, 'documents', 1392977394, 4843, 9, 14),
(2416, 'documents', 1402490865, 4506, 9, 12),
(2417, 'development', 1399622578, 5360, 9, 7),
(2418, 'negotiations', 1414136300, 4930, 9, 17),
(2419, 'marketing', 1415601244, 2259, 9, 17),
(2420, 'marketing', 1388662451, 622, 9, 8),
(2421, 'marketing', 1408342939, 5786, 9, 16),
(2422, 'support', 1403852819, 4349, 9, 15),
(2423, 'negotiations', 1403241624, 3976, 9, 1),
(2424, 'documents', 1398425213, 4216, 9, 11),
(2425, 'marketing', 1398073896, 590, 9, 7),
(2426, 'development', 1409919534, 3534, 9, 4),
(2427, 'marketing', 1390388236, 3892, 9, 15),
(2428, 'documents', 1410176525, 1204, 9, 4),
(2429, 'marketing', 1402405201, 1482, 9, 0),
(2430, 'documents', 1388556575, 4059, 9, 3),
(2431, 'marketing', 1419852660, 3982, 9, 16),
(2432, 'development', 1395038132, 3667, 9, 2),
(2433, 'development', 1404303275, 2891, 9, 9),
(2434, 'support', 1405003984, 3157, 9, 6),
(2435, 'documents', 1398239448, 2783, 9, 13),
(2436, 'documents', 1409128349, 5583, 9, 9),
(2437, 'documents', 1411722319, 1195, 9, 12),
(2438, 'documents', 1410154387, 678, 9, 17),
(2439, 'support', 1392705003, 2594, 9, 6),
(2440, 'development', 1415107475, 459, 9, 9),
(2441, 'documents', 1412054386, 3373, 9, 3),
(2442, 'marketing', 1399963307, 4768, 9, 7),
(2443, 'development', 1405414014, 3218, 9, 13),
(2444, 'negotiations', 1414587718, 1264, 9, 8),
(2445, 'documents', 1390293910, 3637, 9, 11),
(2446, 'negotiations', 1419487868, 2763, 9, 16),
(2447, 'negotiations', 1393577039, 3207, 9, 9),
(2448, 'documents', 1412777233, 4164, 9, 4),
(2449, 'development', 1401269437, 1552, 9, 17),
(2450, 'marketing', 1411731945, 1919, 9, 1),
(2451, 'development', 1398776530, 2141, 9, 16),
(2452, 'development', 1393227647, 866, 9, 17),
(2453, 'marketing', 1395119946, 4121, 9, 8),
(2454, 'negotiations', 1395054495, 337, 9, 7),
(2455, 'documents', 1406037722, 3392, 9, 8),
(2456, 'marketing', 1388656676, 2468, 9, 7),
(2457, 'negotiations', 1410950385, 4692, 9, 14),
(2458, 'marketing', 1396331749, 650, 9, 14),
(2459, 'marketing', 1417179764, 1292, 9, 17),
(2460, 'negotiations', 1389871367, 3774, 9, 5),
(2461, 'negotiations', 1419420492, 3395, 9, 3),
(2462, 'development', 1404895220, 1816, 9, 9),
(2463, 'documents', 1418387717, 952, 9, 16),
(2464, 'documents', 1416566644, 5335, 9, 8),
(2465, 'marketing', 1410248713, 933, 9, 3),
(2466, 'documents', 1410424853, 1642, 9, 12),
(2467, 'documents', 1403506315, 1085, 9, 15),
(2468, 'development', 1396335599, 3220, 9, 2),
(2469, 'documents', 1398764017, 2340, 9, 17),
(2470, 'marketing', 1394775367, 2142, 9, 1),
(2471, 'negotiations', 1418806410, 3945, 9, 16),
(2472, 'support', 1400232811, 2239, 9, 5),
(2473, 'documents', 1416222064, 3356, 9, 2),
(2474, 'support', 1406205199, 1169, 9, 8),
(2475, 'negotiations', 1408627843, 2135, 9, 4),
(2476, 'documents', 1409138937, 4099, 9, 14),
(2477, 'development', 1416811122, 3204, 9, 10),
(2478, 'support', 1398174960, 2492, 9, 9),
(2479, 'documents', 1418044100, 2466, 9, 7),
(2480, 'marketing', 1413812896, 5684, 9, 1),
(2481, 'marketing', 1401880632, 1925, 9, 13),
(2482, 'marketing', 1397831343, 4007, 9, 17),
(2483, 'development', 1418022925, 5433, 9, 16),
(2484, 'support', 1412227638, 5005, 9, 3),
(2485, 'development', 1396882306, 3302, 9, 12),
(2486, 'marketing', 1404480377, 1392, 9, 16),
(2487, 'marketing', 1397223035, 2711, 9, 12),
(2488, 'marketing', 1389705815, 1582, 9, 17),
(2489, 'negotiations', 1407933871, 3517, 9, 5),
(2490, 'marketing', 1401085597, 1404, 9, 12),
(2491, 'documents', 1403246437, 4338, 9, 5),
(2492, 'marketing', 1411365227, 5116, 9, 7),
(2493, 'marketing', 1398333774, 3038, 9, 17),
(2494, 'support', 1415633007, 3509, 9, 11),
(2495, 'documents', 1398413663, 2207, 9, 10),
(2496, 'documents', 1389684639, 4549, 9, 9),
(2497, 'support', 1403763306, 4456, 9, 15),
(2498, 'negotiations', 1397214373, 5480, 9, 2),
(2499, 'documents', 1415878447, 4870, 9, 10),
(2500, 'negotiations', 1404736406, 1270, 9, 1),
(2501, 'documents', 1418804485, 2660, 10, 3),
(2502, 'marketing', 1396354849, 4668, 10, 16),
(2503, 'negotiations', 1400507127, 5773, 10, 8),
(2504, 'development', 1394451962, 2897, 10, 3),
(2505, 'documents', 1401713155, 4148, 10, 13),
(2506, 'development', 1394542439, 582, 10, 0),
(2507, 'support', 1388566200, 4783, 10, 10),
(2508, 'development', 1415959298, 1831, 10, 1),
(2509, 'negotiations', 1415016999, 2774, 10, 12),
(2510, 'marketing', 1410327639, 2310, 10, 17),
(2511, 'support', 1405493903, 2387, 10, 7),
(2512, 'documents', 1415269177, 5783, 10, 8),
(2513, 'development', 1418813147, 5592, 10, 13),
(2514, 'development', 1399020045, 2218, 10, 3),
(2515, 'marketing', 1397115234, 4862, 10, 13),
(2516, 'development', 1418395417, 391, 10, 11),
(2517, 'support', 1419845923, 2335, 10, 0),
(2518, 'documents', 1397658091, 2375, 10, 17),
(2519, 'negotiations', 1415715783, 1755, 10, 14),
(2520, 'support', 1393833067, 3085, 10, 12),
(2521, 'support', 1395033320, 3305, 10, 17),
(2522, 'marketing', 1403606416, 5195, 10, 1),
(2523, 'negotiations', 1412941823, 2864, 10, 13),
(2524, 'documents', 1398340512, 4685, 10, 14),
(2525, 'support', 1416557981, 2403, 10, 17),
(2526, 'marketing', 1412319077, 482, 10, 16),
(2527, 'negotiations', 1416398204, 4065, 10, 12),
(2528, 'support', 1396595477, 5668, 10, 12),
(2529, 'support', 1413800383, 5883, 10, 2),
(2530, 'documents', 1401718930, 2302, 10, 14),
(2531, 'support', 1390973443, 1170, 10, 17),
(2532, 'support', 1398259661, 2023, 10, 6),
(2533, 'development', 1398241373, 4068, 10, 7),
(2534, 'support', 1405336051, 5335, 10, 14),
(2535, 'support', 1400661129, 5957, 10, 12),
(2536, 'marketing', 1396602215, 1614, 10, 9),
(2537, 'documents', 1410870496, 5523, 10, 3),
(2538, 'negotiations', 1409817508, 3840, 10, 5),
(2539, 'marketing', 1390833879, 2072, 10, 5),
(2540, 'documents', 1393491375, 5884, 10, 15),
(2541, 'support', 1389276534, 5773, 10, 13),
(2542, 'documents', 1402310875, 1227, 10, 13),
(2543, 'documents', 1416306765, 2887, 10, 17),
(2544, 'development', 1400051859, 1168, 10, 10),
(2545, 'marketing', 1418798709, 4506, 10, 3),
(2546, 'negotiations', 1412315227, 3613, 10, 9),
(2547, 'negotiations', 1412755095, 3639, 10, 17),
(2548, 'development', 1413895672, 3930, 10, 3),
(2549, 'development', 1411984123, 4928, 10, 16),
(2550, 'marketing', 1396941019, 5439, 10, 15),
(2551, 'development', 1402403276, 5898, 10, 5),
(2552, 'marketing', 1389102319, 648, 10, 16),
(2553, 'negotiations', 1395059308, 699, 10, 10),
(2554, 'support', 1413789796, 1666, 10, 16),
(2555, 'documents', 1401774756, 5362, 10, 7),
(2556, 'development', 1402058697, 3919, 10, 17),
(2557, 'documents', 1390367060, 1159, 10, 6),
(2558, 'marketing', 1395322073, 2224, 10, 11),
(2559, 'negotiations', 1404381239, 775, 10, 9),
(2560, 'documents', 1391004244, 4627, 10, 14),
(2561, 'documents', 1395137271, 4284, 10, 10),
(2562, 'support', 1391063919, 4556, 10, 14),
(2563, 'support', 1419603370, 5751, 10, 10),
(2564, 'documents', 1389007993, 393, 10, 12),
(2565, 'negotiations', 1393937981, 1856, 10, 2),
(2566, 'development', 1416219177, 4279, 10, 11),
(2567, 'marketing', 1393405712, 2860, 10, 2),
(2568, 'support', 1406294713, 1062, 10, 8),
(2569, 'marketing', 1411112087, 4315, 10, 13),
(2570, 'marketing', 1410954235, 1561, 10, 3),
(2571, 'documents', 1390468124, 3061, 10, 8),
(2572, 'negotiations', 1417171101, 4061, 10, 7),
(2573, 'negotiations', 1402570753, 3675, 10, 5),
(2574, 'documents', 1409911834, 4095, 10, 9),
(2575, 'marketing', 1405055960, 3646, 10, 11),
(2576, 'development', 1394530888, 4274, 10, 17),
(2577, 'documents', 1389351610, 4580, 10, 3),
(2578, 'support', 1402410014, 1844, 10, 3),
(2579, 'support', 1406548816, 5356, 10, 17),
(2580, 'support', 1405059810, 515, 10, 0),
(2581, 'support', 1407140761, 4281, 10, 17),
(2582, 'negotiations', 1405345676, 358, 10, 3),
(2583, 'documents', 1397561839, 834, 10, 0),
(2584, 'marketing', 1411997598, 2521, 10, 12),
(2585, 'support', 1394610777, 3442, 10, 11),
(2586, 'development', 1389173545, 2586, 10, 17),
(2587, 'marketing', 1397555102, 4888, 10, 3),
(2588, 'development', 1395726329, 4132, 10, 0),
(2589, 'support', 1389772228, 3157, 10, 15),
(2590, 'negotiations', 1412247851, 4245, 10, 14),
(2591, 'documents', 1404210874, 3921, 10, 0),
(2592, 'development', 1416207627, 2270, 10, 9),
(2593, 'development', 1406023285, 2306, 10, 15),
(2594, 'support', 1395665690, 710, 10, 3),
(2595, 'documents', 1410526879, 1337, 10, 11),
(2596, 'negotiations', 1403156923, 4445, 10, 4),
(2597, 'negotiations', 1405080985, 3249, 10, 8),
(2598, 'development', 1395298011, 414, 10, 12),
(2599, 'support', 1406097398, 3321, 10, 8),
(2600, 'negotiations', 1407313051, 2420, 10, 2),
(2601, 'marketing', 1398345324, 5047, 10, 0),
(2602, 'development', 1408599930, 3456, 10, 16),
(2603, 'negotiations', 1404115585, 5874, 10, 16),
(2604, 'documents', 1411631843, 3510, 10, 15),
(2605, 'negotiations', 1416212439, 2632, 10, 13),
(2606, 'negotiations', 1408109049, 733, 10, 0),
(2607, 'development', 1416235539, 949, 10, 15),
(2608, 'marketing', 1402557278, 380, 10, 10),
(2609, 'support', 1414392328, 4808, 10, 2),
(2610, 'documents', 1404108848, 4227, 10, 1),
(2611, 'negotiations', 1411971610, 5127, 10, 0),
(2612, 'documents', 1416989186, 5198, 10, 14),
(2613, 'documents', 1402908595, 4006, 10, 14),
(2614, 'marketing', 1389610526, 3534, 10, 16),
(2615, 'marketing', 1398351099, 3201, 10, 0),
(2616, 'development', 1404804744, 4131, 10, 12),
(2617, 'marketing', 1411382553, 5279, 10, 9),
(2618, 'negotiations', 1405413052, 5426, 10, 16),
(2619, 'marketing', 1390207283, 2821, 10, 1),
(2620, 'documents', 1417604232, 2440, 10, 17),
(2621, 'negotiations', 1397134484, 610, 10, 9),
(2622, 'marketing', 1395124758, 4483, 10, 11),
(2623, 'negotiations', 1409298714, 2437, 10, 1),
(2624, 'negotiations', 1398854493, 5726, 10, 15),
(2625, 'documents', 1417586907, 2277, 10, 15),
(2626, 'development', 1418722671, 2206, 10, 16),
(2627, 'negotiations', 1408367964, 5388, 10, 13),
(2628, 'support', 1408528704, 1518, 10, 15),
(2629, 'documents', 1404729668, 5324, 10, 4),
(2630, 'negotiations', 1390982106, 4102, 10, 9),
(2631, 'negotiations', 1405599779, 4651, 10, 12),
(2632, 'development', 1403254137, 3777, 10, 0),
(2633, 'development', 1418304941, 2706, 10, 13),
(2634, 'documents', 1405581491, 995, 10, 13),
(2635, 'negotiations', 1391422936, 1920, 10, 14),
(2636, 'support', 1406633517, 4887, 10, 14),
(2637, 'support', 1391756928, 5383, 10, 16),
(2638, 'negotiations', 1400597603, 3458, 10, 5),
(2639, 'negotiations', 1404387014, 4630, 10, 9),
(2640, 'development', 1414758083, 3819, 10, 17),
(2641, 'development', 1414069887, 3354, 10, 1),
(2642, 'marketing', 1412076524, 3898, 10, 8),
(2643, 'development', 1403790256, 5343, 10, 6),
(2644, 'marketing', 1404464015, 4722, 10, 11),
(2645, 'negotiations', 1410172675, 4335, 10, 16),
(2646, 'documents', 1392966806, 626, 10, 10),
(2647, 'documents', 1393998619, 5278, 10, 0),
(2648, 'support', 1394796542, 4876, 10, 9),
(2649, 'support', 1395750391, 5942, 10, 0),
(2650, 'support', 1419946987, 4237, 10, 2),
(2651, 'development', 1417617707, 5734, 10, 12),
(2652, 'documents', 1410160162, 4533, 10, 17),
(2653, 'marketing', 1389784741, 2958, 10, 13),
(2654, 'development', 1406801957, 456, 10, 11),
(2655, 'documents', 1403782556, 5904, 10, 11),
(2656, 'negotiations', 1389882917, 5784, 10, 6),
(2657, 'development', 1401444614, 4469, 10, 11),
(2658, 'marketing', 1396359662, 5030, 10, 2),
(2659, 'support', 1407507478, 1084, 10, 11),
(2660, 'support', 1414770596, 3620, 10, 15),
(2661, 'documents', 1412162188, 1221, 10, 2),
(2662, 'negotiations', 1417013249, 1307, 10, 14),
(2663, 'marketing', 1413361478, 3649, 10, 10),
(2664, 'development', 1389167770, 4432, 10, 17),
(2665, 'support', 1401879669, 4133, 10, 16),
(2666, 'marketing', 1415629157, 939, 10, 5),
(2667, 'development', 1404715230, 4238, 10, 11),
(2668, 'marketing', 1399878606, 5237, 10, 10),
(2669, 'documents', 1418026775, 2303, 10, 5),
(2670, 'development', 1416320240, 480, 10, 12),
(2671, 'support', 1393398974, 1213, 10, 5),
(2672, 'support', 1397825568, 5852, 10, 16),
(2673, 'documents', 1390479674, 5070, 10, 9),
(2674, 'marketing', 1399890157, 1546, 10, 11),
(2675, 'marketing', 1390399786, 5901, 10, 16),
(2676, 'development', 1400057634, 5023, 10, 11),
(2677, 'development', 1420036500, 4130, 10, 2),
(2678, 'development', 1408718319, 5521, 10, 2),
(2679, 'support', 1403250287, 1207, 10, 11),
(2680, 'negotiations', 1411024498, 5707, 10, 7),
(2681, 'documents', 1396445325, 2353, 10, 14),
(2682, 'development', 1396848618, 768, 10, 6),
(2683, 'marketing', 1406798107, 3587, 10, 5),
(2684, 'negotiations', 1418895923, 3838, 10, 16),
(2685, 'documents', 1395915944, 2434, 10, 5),
(2686, 'marketing', 1415713858, 470, 10, 2),
(2687, 'negotiations', 1389877142, 1928, 10, 5),
(2688, 'marketing', 1409313151, 3523, 10, 11),
(2689, 'development', 1396876531, 5148, 10, 12),
(2690, 'development', 1419940249, 2590, 10, 4),
(2691, 'negotiations', 1409236150, 3431, 10, 9),
(2692, 'documents', 1407396790, 4159, 10, 2),
(2693, 'support', 1401106772, 4137, 10, 2),
(2694, 'development', 1415694608, 4722, 10, 6),
(2695, 'marketing', 1401705455, 4709, 10, 0),
(2696, 'negotiations', 1399446438, 4651, 10, 15),
(2697, 'negotiations', 1407488228, 5337, 10, 15),
(2698, 'marketing', 1400741980, 2918, 10, 3),
(2699, 'support', 1415188326, 3121, 10, 0),
(2700, 'support', 1414060262, 2630, 10, 12),
(2701, 'development', 1395985244, 3087, 10, 13),
(2702, 'negotiations', 1419252053, 2125, 10, 6),
(2703, 'marketing', 1407147499, 5928, 10, 15),
(2704, 'support', 1390573038, 1832, 10, 16),
(2705, 'marketing', 1395672428, 2357, 10, 1),
(2706, 'support', 1415689795, 4360, 10, 2),
(2707, 'development', 1406271613, 2745, 10, 6),
(2708, 'marketing', 1392384486, 2426, 10, 17),
(2709, 'negotiations', 1395735954, 4856, 10, 7),
(2710, 'marketing', 1392722328, 2757, 10, 8),
(2711, 'negotiations', 1406783669, 2501, 10, 12),
(2712, 'development', 1399989295, 2163, 10, 1),
(2713, 'negotiations', 1405063660, 3085, 10, 6),
(2714, 'marketing', 1406279313, 2184, 10, 0),
(2715, 'support', 1417189389, 2016, 10, 6),
(2716, 'marketing', 1418639895, 3960, 10, 13),
(2717, 'documents', 1417530118, 1425, 10, 6),
(2718, 'development', 1412327740, 3414, 10, 8),
(2719, 'support', 1398942082, 4334, 10, 3),
(2720, 'marketing', 1413875459, 4690, 10, 10),
(2721, 'support', 1394622327, 5452, 10, 12),
(2722, 'documents', 1399040258, 1458, 10, 14),
(2723, 'documents', 1418646633, 5607, 10, 11),
(2724, 'support', 1393916806, 4824, 10, 12),
(2725, 'documents', 1405575716, 2841, 10, 13),
(2726, 'development', 1402662192, 4853, 10, 0),
(2727, 'support', 1393324861, 5899, 10, 12),
(2728, 'negotiations', 1393413412, 2299, 10, 15),
(2729, 'support', 1403260874, 5424, 10, 15),
(2730, 'support', 1416997849, 2429, 10, 6),
(2731, 'support', 1396618577, 3985, 10, 14),
(2732, 'development', 1397649428, 5143, 10, 7),
(2733, 'negotiations', 1399469539, 2968, 10, 17),
(2734, 'marketing', 1392130383, 3833, 10, 8),
(2735, 'support', 1399268374, 2657, 10, 11),
(2736, 'development', 1393943756, 5711, 10, 3),
(2737, 'marketing', 1404300388, 3814, 10, 0),
(2738, 'negotiations', 1408700994, 5358, 10, 0),
(2739, 'marketing', 1412601093, 3455, 10, 13),
(2740, 'documents', 1415618569, 2423, 10, 1),
(2741, 'marketing', 1403775818, 4257, 10, 13),
(2742, 'marketing', 1415798559, 5702, 10, 17),
(2743, 'negotiations', 1415788934, 4977, 10, 10),
(2744, 'negotiations', 1404284987, 4936, 10, 10),
(2745, 'negotiations', 1413979411, 5669, 10, 3),
(2746, 'documents', 1397805355, 911, 10, 5),
(2747, 'documents', 1397821718, 3282, 10, 10),
(2748, 'marketing', 1419925811, 1504, 10, 12),
(2749, 'marketing', 1395897656, 4479, 10, 6),
(2750, 'documents', 1404994359, 2433, 10, 17),
(2751, 'negotiations', 1413454842, 411, 10, 17),
(2752, 'marketing', 1394431750, 3656, 10, 10),
(2753, 'development', 1420014362, 3605, 10, 15),
(2754, 'documents', 1393851355, 1040, 11, 11),
(2755, 'development', 1413534730, 5281, 11, 10),
(2756, 'documents', 1406556516, 4795, 11, 12),
(2757, 'documents', 1389605713, 3172, 11, 12),
(2758, 'negotiations', 1402041371, 3756, 11, 15),
(2759, 'support', 1394030382, 826, 11, 12),
(2760, 'development', 1399555202, 5992, 11, 11),
(2761, 'development', 1408617255, 3619, 11, 0),
(2762, 'support', 1414139188, 4007, 11, 8),
(2763, 'development', 1391158246, 4811, 11, 0),
(2764, 'marketing', 1393585701, 438, 11, 1),
(2765, 'support', 1403593904, 5394, 11, 3),
(2766, 'support', 1415955448, 4962, 11, 12),
(2767, 'support', 1404456315, 5283, 11, 17),
(2768, 'marketing', 1405500640, 4034, 11, 5),
(2769, 'documents', 1405508340, 3473, 11, 17),
(2770, 'negotiations', 1403856669, 1218, 11, 4),
(2771, 'documents', 1405947246, 5707, 11, 10),
(2772, 'documents', 1417767859, 3348, 11, 10),
(2773, 'negotiations', 1394625215, 4529, 11, 3),
(2774, 'development', 1413980373, 3461, 11, 0),
(2775, 'support', 1399871869, 3590, 11, 12),
(2776, 'documents', 1415359653, 3468, 11, 6),
(2777, 'marketing', 1410846433, 3713, 11, 3),
(2778, 'development', 1407230275, 4174, 11, 0),
(2779, 'marketing', 1411117862, 2469, 11, 14),
(2780, 'development', 1408110011, 4226, 11, 15),
(2781, 'marketing', 1418380979, 5006, 11, 0),
(2782, 'marketing', 1395830280, 5111, 11, 11),
(2783, 'negotiations', 1397049783, 1079, 11, 12),
(2784, 'documents', 1405597854, 3366, 11, 0),
(2785, 'support', 1415272065, 4860, 11, 0),
(2786, 'documents', 1396265335, 4775, 11, 16),
(2787, 'documents', 1417762084, 5194, 11, 10),
(2788, 'documents', 1398328962, 2676, 11, 13),
(2789, 'negotiations', 1388648014, 5237, 11, 16),
(2790, 'support', 1413196888, 4949, 11, 1),
(2791, 'support', 1411476879, 5534, 11, 13),
(2792, 'development', 1401890257, 2649, 11, 2),
(2793, 'development', 1401692942, 4908, 11, 2),
(2794, 'negotiations', 1391005206, 2419, 11, 11),
(2795, 'negotiations', 1402407126, 2767, 11, 12),
(2796, 'support', 1415289390, 5023, 11, 2),
(2797, 'development', 1399369437, 4559, 11, 13),
(2798, 'development', 1397558952, 1757, 11, 9),
(2799, 'support', 1404388939, 5915, 11, 3),
(2800, 'marketing', 1407243750, 1767, 11, 13),
(2801, 'documents', 1416583006, 2005, 11, 13),
(2802, 'marketing', 1415883260, 5233, 11, 14),
(2803, 'negotiations', 1418890148, 5684, 11, 16),
(2804, 'development', 1398348212, 4124, 11, 9),
(2805, 'support', 1401258849, 3036, 11, 13),
(2806, 'documents', 1408367002, 1895, 11, 15),
(2807, 'support', 1401710267, 5071, 11, 4),
(2808, 'marketing', 1416993999, 5560, 11, 0),
(2809, 'support', 1400678454, 419, 11, 14),
(2810, 'negotiations', 1415258589, 1566, 11, 4),
(2811, 'documents', 1396874606, 3863, 11, 17),
(2812, 'documents', 1414062187, 3915, 11, 6),
(2813, 'negotiations', 1400049934, 5584, 11, 16),
(2814, 'development', 1415028549, 4783, 11, 13),
(2815, 'development', 1392635702, 1941, 11, 17),
(2816, 'marketing', 1406273538, 4030, 11, 0),
(2817, 'support', 1410524954, 5753, 12, 17),
(2818, 'support', 1405054997, 5854, 12, 14),
(2819, 'marketing', 1397556064, 2680, 12, 0),
(2820, 'documents', 1392193909, 630, 12, 15),
(2821, 'negotiations', 1392194871, 4123, 12, 12),
(2822, 'documents', 1411541367, 5825, 12, 17),
(2823, 'support', 1390809816, 5963, 12, 5),
(2824, 'documents', 1404712343, 5161, 12, 2),
(2825, 'negotiations', 1392184284, 5607, 12, 8),
(2826, 'development', 1408950284, 3589, 12, 6),
(2827, 'development', 1388660526, 5038, 12, 14),
(2828, 'support', 1401778606, 2231, 12, 14),
(2830, 'documents', 1398261586, 3308, 13, 0),
(2831, 'documents', 1402033671, 4317, 13, 2),
(2832, 'support', 1393832105, 5293, 13, 15),
(2833, 'development', 1410872421, 1107, 13, 15),
(2834, 'documents', 1412089037, 3699, 13, 6);

-- --------------------------------------------------------

--
-- Структура таблицы `contacts`
--

CREATE TABLE IF NOT EXISTS `contacts` (
  `id` int(11) NOT NULL AUTO_INCREMENT,
  `first_name` tinytext NOT NULL,
  `last_name` tinytext NOT NULL,
  PRIMARY KEY (`id`),
  UNIQUE KEY `id` (`id`)
) ENGINE=InnoDB  DEFAULT CHARSET=utf8 AUTO_INCREMENT=32 ;

--
-- Дамп данных таблицы `contacts`
--

INSERT INTO `contacts` (`id`, `first_name`, `last_name`) VALUES
(0, 'Робот', ''),
(1, 'Тимур', 'Ланишевский'),
(2, 'Клара', 'Шихман'),
(3, 'Василий', 'Кузнецов'),
(4, 'Евгений', 'Петров'),
(5, 'Марина', 'Зайцева'),
(6, 'Павел', 'Морозов'),
(7, 'Иннокентий', 'Никитенко'),
(8, 'Леонид', 'Голубков'),
(9, 'Ирина', 'Орлова'),
(10, 'Сусанна', 'Тихонравова'),
(11, 'Карен', 'Оганесян'),
(12, 'Тамара', 'Губарева'),
(13, 'Нина', 'Литвинова'),
(14, 'Сулейман', 'Рахманов'),
(15, 'Кирилл', 'Милославский'),
(16, 'Наталья', 'Савченко'),
(17, 'Олег', 'Самсонов'),
(18, 'Зоя', 'Павлова'),
(19, 'Алина', 'Балабанова'),
(20, 'Евгений', 'Зубов'),
(21, 'Егор', 'Коровкин'),
(22, 'Мария', 'Климова'),
(23, 'Андрей', 'Кубарев'),
(24, 'Алексей', 'Матвеев'),
(25, 'Марат', 'Феткулин'),
(26, 'Николай', 'Савин'),
(27, 'Дарья', 'Барышникова'),
(28, 'Елена', 'Кожевникова'),
(29, 'Вадим', 'Романов'),
(30, 'Екатерина', 'Денисова');

--
-- Ограничения внешнего ключа сохраненных таблиц
--

--
-- Ограничения внешнего ключа таблицы `activities`
--
ALTER TABLE `activities`
  ADD CONSTRAINT `activities_ibfk_2` FOREIGN KEY (`employee_id`) REFERENCES `contacts` (`id`),
  ADD CONSTRAINT `contacts_id_fk` FOREIGN KEY (`contact_id`) REFERENCES `contacts` (`id`);

/*!40101 SET CHARACTER_SET_CLIENT=@OLD_CHARACTER_SET_CLIENT */;
/*!40101 SET CHARACTER_SET_RESULTS=@OLD_CHARACTER_SET_RESULTS */;
/*!40101 SET COLLATION_CONNECTION=@OLD_COLLATION_CONNECTION */;
